GREEN,RED,IR
1632904,1121400,1599819
1633196,1122154,1597678
1633159,1122173,1594071
1632863,1122354,1590995
1632595,1122717,1587514
1632780,1123543,1584455
1632641,1124697,1582582
1632686,1125780,1582575
1632690,1126096,1583201
1632681,1124971,1585822
1632297,1123117,1587661
1632261,1123770,1589659
1632350,1125787,1589697
1632032,1125355,1588241
1632011,1123628,1585347
1632266,1122881,1584419
1632334,1123818,1582806
1632162,1125058,1581205
1631824,1126253,1579891
1632032,1127624,1578274
1631828,1127573,1577305
1632078,1126270,1575698
1632185,1124542,1574449
1631792,1122030,1573965
1631720,1120229,1574787
1631780,1118925,1574210
1631615,1118617,1576055
1631957,1122154,1576228
1631786,1119951,1577698
1631851,1117556,1578290
1631948,1118263,1579965
1632201,1118882,1579826
1631842,1120147,1582463
1632142,1121284,1584224
1631783,1122209,1586991
1631646,1122846,1589749
1631789,1121357,1593222
1631535,1120804,1595488
1631173,1123219,1598096
1631062,1127667,1599735
1630618,1132746,1601153
1630769,1136098,1601800
1630417,1135037,1602181
1630493,1134648,1603301
1630352,1133839,1604296
1630391,1133721,1605528
1630111,1134819,1605249
1629929,1136005,1604814
1630349,1137100,1602553
1630143,1138177,1600627
1630047,1139422,1597645
1629684,1140819,1594790
1629184,1141709,1591766
1629529,1141918,1588299
1629527,1141864,1584319
1629631,1141625,1581785
1629417,1141066,1581547
1629085,1141374,1582229
1628624,1144831,1581422
1628857,1147172,1581907
1628759,1149079,1582175
1628700,1150538,1582151
1628434,1149705,1583367
1627943,1148465,1584039
1628372,1145675,1585330
1628326,1143839,1584990
1628295,1141328,1585601
1627994,1142892,1585062
1628326,1141015,1585524
1628279,1133151,1585853
1627843,1127065,1585840
1627924,1125632,1585445
1628008,1124250,1586568
1627998,1124317,1588037
1627796,1124968,1590307
1627906,1128332,1592560
1627855,1130296,1594619
1628026,1131105,1595811
1627568,1126292,1597572
1627405,1127061,1598749
1626642,1130159,1599376
1625986,1133607,1600370
1626186,1135413,1601994
1626118,1136782,1602416
1625883,1138753,1602625
1625956,1140396,1602898
1625428,1141387,1603411
1625546,1141415,1604779
1625267,1141327,1605747
1625350,1143441,1608363
1625051,1146101,1610505
1624961,1143466,1612436
1624793,1139790,1614621
1624853,1142052,1616165
1624471,1143155,1617888
1624572,1144015,1618903
1624255,1145295,1620065
1624166,1147124,1620194
1623829,1148432,1620285
1623835,1149685,1620545
1623261,1150921,1620847
1623161,1151897,1620918
1623049,1152679,1619485
1623061,1153195,1619327
1622555,1153513,1618490
1622484,1153333,1616765
1622379,1153346,1615082
1622360,1153370,1615492
1622245,1153479,1615455
1622646,1153994,1614925
1622267,1154758,1615330
1622088,1157482,1614780
1621898,1157439,1614974
1621714,1154082,1616238
1621576,1153641,1616068
1621908,1152827,1616166
1621513,1152646,1616617
1621503,1152675,1616267
1621385,1152469,1616343
1621344,1153027,1616629
1621199,1154403,1615660
1621212,1158481,1615250
1621220,1161416,1615594
1621367,1159800,1614342
1621204,1159507,1612041
1620979,1161069,1609233
1620994,1161158,1603764
1621004,1160873,1599788
1620786,1160992,1593950
1620834,1160595,1585715
1619789,1160166,1583073
1619605,1158740,1580542
1619461,1156977,1579579
1619092,1155760,1579393
1618653,1154836,1578269
1618608,1155014,1577756
1618129,1156394,1577449
1618161,1159323,1574685
1617811,1164106,1573311
1617525,1169672,1571547
1617828,1175771,1570957
1617735,1182014,1569463
1617347,1186498,1569699
1617506,1189210,1569423
1617015,1190328,1570727
1616906,1189882,1570594
1616748,1189344,1572036
1616741,1188085,1571750
1616741,1186887,1573299
1616466,1185938,1574286
1616481,1186588,1577635
1616941,1186506,1579492
1616264,1185579,1580412
1616077,1182991,1581375
1616151,1180251,1581869
1616128,1177312,1582758
1616126,1175050,1583272
1615975,1173665,1584362
1615723,1172512,1585166
1615856,1171816,1584965
1615787,1171600,1584119
1615883,1171421,1585040
1615981,1171443,1583836
1616035,1171325,1584910
1616242,1171111,1582861
1615938,1170953,1582313
1615689,1170288,1582308
1615583,1169010,1582493
1615456,1167882,1582017
1615241,1166876,1581308
1615241,1166191,1580809
1615196,1165498,1582674
1615476,1164851,1582724
1615466,1164106,1584401
1615183,1163484,1586120
1615414,1162943,1587350
1615448,1161097,1588621
1615309,1160311,1588016
1615506,1158784,1588335
1615351,1157452,1587600
1615268,1154906,1588825
1614798,1152282,1586212
1615198,1150402,1586598
1615081,1149661,1586288
1615126,1149071,1584665
1615389,1149139,1581736
1615559,1149640,1578939
1615520,1150346,1574684
1615414,1150484,1572697
1615351,1151109,1571446
1615420,1151116,1571979
1615132,1151314,1571897
1615092,1150246,1574473
1615092,1149060,1578074
1614941,1148225,1581786
1615163,1147479,1590400
1615055,1146959,1594799
1615038,1146899,1601438
1614944,1147944,1607046
1615114,1152100,1614231
1615414,1152510,1617659
1615151,1151988,1620153
1615429,1150854,1620192
1615058,1149889,1619685
1614865,1149851,1618158
1614529,1151290,1620389
1613826,1147102,1621211
1613408,1144347,1623218
1613409,1145207,1623682
1613258,1146319,1626675
1613221,1147563,1627320
1613163,1148038,1629421
1613125,1148505,1630090
1612583,1148152,1629303
1612898,1146123,1625716
1612665,1145543,1623217
1612521,1145313,1620208
1612353,1144793,1617363
1612294,1144970,1618333
1612038,1148103,1617599
1612510,1150409,1618669
1612395,1155265,1618416
1611844,1158005,1619750
1611940,1157030,1619041
1612017,1153912,1619570
1611589,1150126,1618277
1611615,1143167,1618026
1611503,1140552,1617446
1611606,1138385,1617647
1610917,1138922,1617841
1611146,1140374,1618808
1610983,1141586,1617535
1610972,1143227,1618754
1610776,1144698,1619956
1611051,1138590,1620243
1610934,1135319,1620377
1611201,1142066,1621846
1611054,1147526,1622834
1611057,1153404,1625541
1610850,1159061,1629844
1611050,1163275,1631470
1610586,1166777,1633436
1610675,1169475,1633516
1610584,1172282,1633994
1610726,1174357,1633173
1610391,1177309,1633214
1610480,1180040,1632629
1610076,1181844,1635101
1610153,1182994,1635487
1610052,1183204,1638659
1609999,1182894,1639689
1609852,1182798,1642363
1610041,1184451,1644409
1609694,1176672,1646911
1609543,1168622,1648450
1609743,1168918,1651250
1609956,1170023,1651454
1609458,1173417,1651856
1609240,1175276,1650494
1609278,1174343,1650559
1608960,1171281,1648520
1608951,1167703,1648297
1608770,1164951,1649752
1608367,1159561,1650166
1607621,1162771,1652182
1607792,1166858,1652915
1607192,1171718,1654803
1606985,1180085,1655245
1606704,1181521,1654882
1606798,1181970,1655423
1606593,1182429,1655799
1606695,1183190,1656173
1605931,1184332,1655621
1605857,1185495,1655775
1605743,1186257,1654793
1605591,1187170,1653387
1605164,1187757,1653046
1605144,1188697,1652601
1604353,1189902,1655331
1603257,1197508,1659913
1603088,1204741,1666669
1602804,1202568,1675580
1602158,1200221,1683643
1602522,1200871,1690690
1602133,1202026,1700149
1602180,1203751,1702038
1601920,1205773,1702280
1601632,1207352,1701081
1601378,1207645,1700373
1601551,1206434,1702025
1601582,1204741,1702730
1601482,1203010,1705001
1601359,1201834,1707656
1601359,1202057,1709543
1600759,1208794,1709950
1601386,1217161,1710372
1601055,1215089,1709052
1601225,1210336,1709236
1601279,1209089,1708081
1601250,1207628,1708898
1601187,1205337,1709302
1600870,1204981,1709939
1601492,1206226,1709885
1601263,1208087,1711505
1600975,1209999,1713245
1601026,1211793,1715921
1600525,1214073,1717334
1600360,1222203,1718764
1599921,1230989,1719053
1599136,1240316,1719565
1597874,1251627,1719012
1597729,1255393,1718458
1597123,1259291,1718677
1597069,1263190,1717923
1596881,1267184,1718700
1596534,1270835,1718907
1596015,1274600,1719851
1595924,1277679,1719900
1595543,1280132,1720636
1595622,1282070,1720315
1595377,1283189,1719794
1595291,1283633,1719231
1594847,1284187,1718270
1594877,1284738,1717004
1594938,1285524,1716316
1595147,1286108,1716117
1594877,1286451,1716497
1594616,1286404,1717574
1594525,1286629,1719725
1594559,1286930,1724461
1594405,1287588,1725275
1593790,1288230,1725815
1593337,1288845,1725629
1593337,1288914,1725155
1593516,1289009,1725296
1593347,1288626,1726608
1593178,1288632,1728117
1593143,1288378,1729026
1593050,1288816,1730842
1593016,1288588,1732516
1592576,1288622,1733522
1592381,1288767,1734255
1592933,1289044,1740353
1592697,1289168,1741479
1592541,1288894,1740930
1592124,1289140,1740609
1592223,1289561,1740021
1592444,1289954,1740021
1592611,1290246,1738811
1592403,1289784,1735046
1592499,1289442,1732105
1592574,1290065,1728476
1592455,1291171,1726119
1592231,1291632,1723733
1591953,1291537,1722175
1591869,1289236,1720247
1591738,1287668,1718558
1592297,1284019,1717770
1592186,1283227,1716504
1592225,1282938,1715020
1592026,1279132,1712940
1592187,1273019,1709441
1591890,1271113,1709266
1591499,1272661,1709435
1591479,1274560,1710974
1591271,1275980,1711419
1590928,1277131,1712007
1590650,1280104,1711247
1590303,1281787,1709921
1590301,1283716,1706277
1590360,1285238,1703780
1589780,1287201,1701408
1589686,1291824,1699864
1589089,1294876,1698733
1589158,1296321,1698090
1588732,1296844,1696730
1588140,1297830,1693562
1588394,1298288,1692499
1588293,1297773,1690119
1588424,1296997,1688380
1588221,1296314,1686199
1587853,1295646,1684726
1587897,1295097,1682422
1587906,1294440,1681020
1587971,1293859,1681425
1587792,1293801,1681220
1587947,1293386,1681332
1587666,1294373,1683391
1587398,1296166,1683829
1587479,1295913,1686626
1587359,1293977,1688690
1587427,1293948,1695309
1587575,1294063,1695309
1587411,1294697,1696709
1587083,1295004,1698347
1587521,1295313,1700119
1587239,1295792,1702645
1587075,1296416,1703354
1587001,1296880,1704571
1586703,1297752,1702730
1586604,1301500,1702151
1586362,1305373,1699988
1586387,1304366,1700862
1586147,1302193,1701462
1586467,1302155,1701697
1586323,1301954,1700352
1586427,1301455,1700081
1586171,1300569,1699752
1586062,1299411,1700475
1585784,1297517,1698461
1586107,1295004,1698373
1585864,1292310,1696607
1585674,1289095,1695709
1585500,1286239,1695065
1585127,1283082,1694142
1584908,1282622,1695420
1584878,1279273,1693406
1584426,1276861,1691246
1584733,1277378,1689861
1584403,1277582,1690343
1584551,1278267,1690490
1584246,1280355,1691444
1583846,1281975,1691057
1583884,1283212,1693159
1583899,1283667,1691105
1583916,1283428,1689702
1583751,1283141,1687971
1583952,1282244,1686566
1583590,1281609,1685451
1583741,1281336,1687296
1583428,1281218,1689450
1583918,1280971,1692505
1583605,1280782,1695492
1583820,1280125,1699614
1583616,1279422,1700699
1583647,1278675,1702584
1583300,1277393,1701967
1583520,1276316,1700175
1583315,1274353,1701188
1583532,1274513,1700412
1583131,1274281,1701310
1583262,1274112,1701728
1583123,1274180,1702600
1583087,1274536,1699820
1582803,1274429,1696516
1583212,1274062,1692901
1583015,1273311,1690583
1583151,1272480,1685959
1582954,1271192,1685117
1582706,1270382,1683892
1582948,1269957,1684823
1582956,1270164,1684337
1583363,1270649,1685383
1583143,1271122,1686101
1583288,1270661,1689132
1583123,1270505,1690573
1583421,1270032,1693531
1582936,1269710,1694000
1583240,1269256,1694514
1583011,1268149,1695254
1583284,1268040,1692817
1582907,1268222,1692324
1583170,1268712,1691764
1583046,1268959,1692615
1582913,1268848,1692362
1583039,1268603,1694061
1583072,1268031,1694960
1582939,1267723,1697061
1583057,1267455,1696807
1583070,1267381,1696364
1583059,1266963,1694504
1582994,1266431,1693647
1582899,1262105,1691245
1582359,1260336,1690237
1581955,1263945,1690351
1580923,1267205,1691236
1581383,1267468,1691970
1581230,1267183,1693975
1581216,1267065,1695119
1580888,1267301,1696867
1580735,1267758,1695408
1581068,1269904,1695133
1580704,1271665,1693001
1580486,1274001,1689897
1580325,1270876,1688874
1580247,1265938,1683950
1579964,1261945,1680381
1579551,1259297,1677916
1579809,1258982,1676676
1579929,1258876,1675987
1579795,1258578,1678438
1579529,1258382,1680308
1579205,1258052,1681569
1579348,1257173,1682440
1579132,1256578,1685194
1579188,1255942,1686144
1578700,1255741,1687783
1578916,1255588,1687320
1579240,1255711,1687847
1578944,1253795,1686530
1578969,1251558,1687147
1579276,1249600,1685949
1579244,1248522,1686272
1578827,1243825,1686718
1579074,1242921,1687816
1579279,1241881,1687211
1578934,1241390,1685621
1578809,1242523,1684300
1578850,1244663,1682025
1578922,1244620,1680164
1579016,1243383,1678610
1579148,1241403,1678320
1578410,1238823,1678459
1578604,1237672,1679101
1578294,1236503,1679479
1577757,1235609,1678890
1577383,1234739,1677068
1577313,1234339,1676066
1577016,1234431,1674077
1576802,1234921,1673210
1576622,1235882,1672560
1576589,1236472,1672178
1576454,1238689,1672728
1576046,1239505,1673945
1575958,1241898,1674198
1575494,1248094,1672774
1575548,1249745,1672230
1575461,1250005,1669908
1575369,1249794,1669778
1575051,1248170,1668427
1574909,1247817,1668400
1574810,1246952,1668519
1574591,1246424,1668829
1574306,1243088,1669013
1573948,1236843,1669801
1573768,1234181,1670837
1573620,1233975,1671907
1573717,1229763,1672211
1573668,1228692,1672965
1573513,1227359,1673502
1573070,1226255,1674155
1573106,1226243,1675965
1573249,1225665,1675368
1573163,1225776,1673726
1572996,1227616,1671472
1572695,1229050,1670787
1573060,1228139,1670236
1572888,1227113,1672005
1572378,1227736,1672274
1572967,1227838,1674160
1572938,1226357,1673534
1572938,1224373,1674243
1572947,1222471,1673070
1572868,1221084,1675450
1572464,1220249,1676289
1572845,1219463,1678951
1572463,1217293,1681451
1572459,1216011,1683831
1572185,1213761,1685983
1571648,1211422,1687643
1571810,1209104,1688307
1571664,1207521,1688336
1571639,1206626,1689176
1571374,1206148,1689109
1570786,1206550,1689816
1570213,1203713,1689514
1569823,1202540,1689508
1569902,1203337,1689269
1569735,1204530,1688980
1569738,1205627,1688530
1569352,1205906,1689078
1569145,1205516,1689541
1569414,1204390,1689164
1569125,1203679,1689215
1569119,1203709,1689191
1568777,1204108,1687759
1568985,1208115,1685207
1568335,1212085,1686157
1568545,1213915,1684685
1567887,1209818,1685584
1568070,1208617,1684662
1567920,1207722,1684475
1567701,1207617,1684637
1567578,1208623,1683909
1567584,1210627,1682076
1567217,1212979,1681114
1567345,1214920,1679773
1567113,1216243,1678561
1567184,1216526,1677632
1567362,1216471,1677780
1567136,1215956,1677402
1567129,1215551,1676710
1567278,1215939,1678205
1567154,1216915,1678401
1567389,1217962,1677892
1567514,1219424,1677104
1567362,1220387,1677929
1567421,1220506,1677285
1567240,1220578,1678177
1567123,1220655,1677277
1567485,1221532,1678274
1567207,1222696,1678189
1566937,1225206,1678369
1566876,1226652,1678421
1566488,1228234,1676726
1566824,1228992,1674813
1566651,1228912,1673716
1566734,1229839,1670848
1566775,1229703,1669918
1566979,1225522,1667187
1566711,1222074,1666480
1566416,1223119,1665831
1566223,1223450,1666479
1566370,1222354,1664161
1565565,1221331,1661924
1565333,1219894,1659664
1564924,1218803,1655636
1564519,1217672,1653691
1564328,1217047,1652138
1564319,1217501,1653310
1564069,1218919,1654115
1564066,1220558,1654386
1564012,1222575,1652899
1563728,1224186,1651815
1563580,1225818,1648414
1563859,1226528,1646790
1563691,1226964,1646326
1563886,1227234,1649159
1563639,1227142,1652891
1563466,1226915,1661304
1563391,1227432,1666274
1563360,1228279,1670184
1563330,1229430,1672576
1562987,1230590,1673938
1562987,1232336,1672120
1562971,1233981,1669690
1562854,1235917,1663112
1562937,1236710,1662752
1562750,1236969,1665148
1562762,1236571,1668550
1562343,1236217,1673036
1562717,1235862,1677383
1562094,1236216,1682609
1562424,1237823,1686735
1562089,1237010,1690279
1562348,1235466,1691512
1562060,1236719,1692272
1562124,1238151,1692359
1562138,1239763,1692901
1562245,1241392,1692063
1562094,1243540,1691908
1561914,1248163,1690489
1561785,1250316,1687978
1561709,1251302,1683622
1561833,1251404,1679609
1561626,1251484,1674148
1561757,1253783,1670985
1561719,1260758,1667089
1561961,1263885,1663707
1562089,1262004,1663628
1561718,1259332,1662123
1561900,1259209,1663828
1561967,1259337,1662545
1561630,1260248,1661257
1561865,1261090,1660110
1561750,1261358,1660098
1561831,1261780,1658697
1561907,1262580,1660823
1561755,1263186,1660928
1561584,1263727,1662623
1561494,1263713,1661960
1561296,1263600,1664093
1560858,1263723,1663188
1560167,1264395,1664713
1559949,1265684,1666091
1559489,1269464,1666413
1558889,1272086,1664896
1559046,1272180,1665079
1559136,1271941,1662763
1558926,1271805,1661434
1558613,1271503,1659101
1558261,1271203,1656371
1557896,1270780,1654331
1557796,1268067,1650997
1557548,1265817,1649359
1557356,1260164,1647504
1557214,1255872,1647680
1556667,1257424,1645891
1556803,1258780,1644202
1557213,1260107,1642428
1557082,1260589,1641204
1557020,1260523,1640386
1556689,1260220,1642668
1556816,1263222,1643343
1556741,1269298,1645592
1556829,1273118,1645751
1556537,1277023,1645985
1556482,1278005,1643859
1556448,1278479,1642812
1556723,1278920,1641857
1556425,1280257,1641251
1556265,1281827,1640698
1556384,1284277,1644916
1555897,1284385,1647071
1556365,1283907,1647650
1556066,1282473,1650590
1555947,1280405,1651043
1555958,1277751,1652629
1556287,1279530,1654936
1556224,1278352,1657322
1556169,1275337,1657755
1555632,1275657,1655978
1555568,1275644,1647709
1555048,1276604,1633769
1555548,1277670,1615402
1555040,1278480,1593034
1554707,1278570,1560822
1554538,1278410,1459974
1554458,1278269,1378145
1554235,1278316,1356947
1554240,1278618,1378720
1553934,1279236,1455900
1554017,1279962,1512370
1553853,1280808,1549144
1553896,1281090,1602258
1553938,1280886,1619287
1554306,1280295,1630819
1553787,1279748,1637607
1554187,1279312,1641706
1553774,1279324,1642411
1553579,1279423,1643674
1553457,1279858,1642771
1553327,1279759,1643141
1553327,1279220,1643472
1553142,1277976,1649963
1553335,1276722,1653806
1553073,1275467,1659244
1553080,1274585,1662614
1553213,1273678,1666009
1552669,1274757,1665802
1552647,1276161,1666073
1552743,1277149,1663922
1552438,1277232,1662144
1552636,1276192,1659279
1552365,1274304,1658011
1552373,1271683,1655462
1552215,1268814,1653078
1552297,1269555,1650495
1552319,1270778,1650825
1552490,1268761,1652315
1552512,1268461,1653424
1552526,1267846,1653416
1552067,1268201,1652247
1551955,1268621,1652687
1552399,1268411,1652155
1552306,1268010,1652725
1552141,1264241,1653726
1551935,1261745,1655414
1552169,1261718,1655942
1552173,1261836,1658995
1552023,1262082,1661572
1552141,1262860,1664222
1552064,1263452,1667337
1552174,1263667,1669515
1552356,1264139,1670054
1552249,1264513,1669889
1551681,1264810,1669402
1551851,1264903,1669346
1551558,1264458,1669682
1551638,1263535,1670783
1551302,1262580,1670524
1551354,1261229,1672082
1550579,1260940,1673324
1550652,1261459,1674063
1550484,1261955,1675923
1550193,1262870,1676477
1550115,1263868,1678546
1550124,1264627,1679606
1549750,1265484,1680106
1549572,1266844,1679821
1549417,1267648,1681141
1549389,1268076,1681053
1549149,1268229,1682241
1549248,1268185,1683437
1549047,1268725,1685314
1548839,1268204,1688294
1548561,1267411,1691483
1548776,1266378,1693189
1548701,1265161,1695628
1548539,1263911,1695530
1548429,1261373,1695572
1547999,1262583,1696311
1547851,1265593,1696668
1547126,1267961,1697705
1545916,1270400,1698049
1545941,1271644,1700227
1545520,1272721,1700832
1545490,1273862,1703828
1545265,1275366,1704523
1545025,1276361,1704293
1544578,1277316,1703085
1544515,1280222,1701459
1544435,1279964,1700258
1544294,1278511,1700316
1544185,1279785,1700915
1543927,1281873,1702499
1543499,1283282,1705743
1543807,1283471,1707928
1543728,1283029,1711748
1543703,1282807,1714150
1543158,1282783,1715052
1543245,1282646,1715370
1543299,1282811,1715220
1543132,1282887,1716611
1542964,1280952,1716959
1542775,1279428,1718321
1542533,1281552,1718294
1541795,1282816,1718080
1541480,1282486,1717779
1541354,1281780,1717189
1540749,1281253,1716067
1540718,1281347,1715672
1540226,1282191,1715145
1539951,1283554,1714487
1539983,1286373,1713058
1539143,1287307,1712680
1538480,1290153,1710669
1538313,1290233,1708009
1538013,1289829,1706145
1538071,1287868,1704908
1537880,1283802,1704345
1537591,1282865,1703388
1537750,1281654,1704352
1537708,1280971,1703308
1537411,1280058,1701745
1537090,1279457,1699366
1537033,1278481,1693897
1536754,1276736,1691398
1536741,1271452,1689358
1536339,1270274,1688783
1537020,1272354,1688621
1536644,1270058,1688613
1536589,1265621,1687372
1536533,1264487,1685378
1536724,1262791,1683099
1536574,1261350,1681348
1536858,1259644,1680374
1536632,1258400,1678670
1536404,1257055,1678713
1536347,1255880,1678478
1536347,1255045,1678596
1536376,1254292,1679901
1536671,1253550,1680073
1536644,1252855,1679194
1536634,1251817,1678390
1536678,1251071,1678110
1536680,1249548,1678388
1536790,1250072,1678947
1536932,1250359,1680543
1536856,1246574,1680330
1537041,1245994,1680388
1537117,1245385,1679245
1537577,1244519,1679528
1536947,1243133,1679188
1536940,1240098,1678290
1537054,1235997,1678320
1537083,1230706,1678132
1536922,1225064,1679569
1536993,1219428,1681038
1536751,1214819,1682324
1536543,1210994,1684140
1536336,1207677,1684195
1536711,1205164,1684848
1536495,1203593,1685627
1536453,1202430,1687073
1536164,1201671,1688352
1536092,1200974,1689601
1535728,1200583,1691150
1536219,1196829,1693967
1535424,1196168,1695621
1535976,1196841,1696679
1535644,1197600,1697311
1535810,1198786,1698042
1535227,1199925,1696647
1535198,1201565,1696991
1535237,1203853,1697295
1535456,1205963,1699247
1535065,1207272,1699744
1535445,1206872,1701628
1535053,1205695,1702389
1535140,1203868,1705077
1535329,1201559,1705291
1535520,1199575,1706247
1535195,1198107,1705364
1535287,1197583,1705097
1535033,1198350,1704071
1534993,1199676,1706568
1534875,1201282,1706330
1534868,1204205,1706406
1534581,1204639,1705247
1535108,1204231,1706326
1534397,1205776,1704750
1534414,1207008,1704715
1534634,1209182,1704089
1534643,1210074,1703819
1534371,1214052,1702381
1534896,1215500,1699000
1534789,1212128,1697527
1535289,1210183,1695239
1535304,1208892,1694320
1535269,1209467,1693799
1535545,1210307,1694640
1535962,1210862,1693938
1535692,1211068,1695181
1535724,1210482,1694844
1535646,1209283,1695477
1535658,1206320,1693942
1535957,1196704,1694124
1536137,1194036,1692971
1536692,1196298,1693557
1536614,1197857,1692214
1536284,1199274,1691887
1536313,1200387,1692043
1535985,1201332,1693221
1535591,1203076,1693529
1535554,1204499,1692119
1535410,1204574,1692774
1534765,1204106,1692419
1535157,1203666,1692976
1534937,1203842,1692826
1534702,1204146,1694905
1534731,1205137,1695496
1534787,1205775,1697039
1534705,1206603,1696343
1534778,1207103,1698607
1534846,1208590,1696959
1534982,1209641,1698466
1535224,1210655,1696962
1535141,1211994,1696793
1534518,1213056,1697523
1534895,1216565,1698042
1534801,1216327,1698304
1535009,1216161,1700257
1534885,1215482,1698952
1534751,1215353,1697906
1534680,1215795,1696597
1534451,1216263,1695664
1534037,1216583,1693107
1534370,1215785,1692721
1534058,1215421,1693617
1534000,1215501,1693934
1533914,1215373,1694939
1533654,1215760,1694156
1534077,1216236,1694246
1534163,1216993,1692831
1534500,1217500,1690007
1534306,1219890,1687092
1534468,1221372,1685629
1534469,1223821,1683341
1534645,1224897,1680423
1534538,1224992,1676446
1534623,1225042,1668683
1534233,1226048,1665451
1534157,1226755,1661237
1534268,1227483,1658558
1534299,1228090,1654866
1534176,1228995,1652982
1534385,1229685,1650979
1534166,1229906,1649817
1534175,1230138,1645845
1534333,1230987,1642519
1534752,1233658,1640723
1534552,1236265,1637861
1534771,1234070,1637689
1534977,1233370,1636641
1534956,1232112,1635049
1534955,1231091,1635775
1534964,1228279,1636098
1534760,1227428,1636358
1534438,1228941,1637066
1534020,1233627,1639380
1533398,1234332,1641307
1533399,1236027,1644360
1533104,1240350,1646689
1532523,1244825,1649132
1532710,1246289,1652027
1532918,1248309,1654853
1532574,1250922,1657056
1532248,1253518,1659551
1532157,1256014,1662341
1532205,1260175,1664203
1532211,1261841,1664941
1532191,1263558,1663769
1531974,1265150,1663267
1531954,1266033,1662646
1531985,1266387,1662704
1531954,1266075,1663569
1531865,1266466,1665108
1531785,1268107,1665702
1531834,1268582,1667167
1531617,1268251,1668880
1531711,1267711,1671056
1531706,1266800,1673120
1531726,1265945,1676534
1531661,1264385,1678108
1531521,1263930,1679634
1531569,1264362,1680524
1531556,1264577,1680830
1531652,1264071,1681953
1531335,1263126,1682208
1531657,1262029,1681795
1531454,1260553,1683321
1531896,1258796,1683194
1532063,1256320,1684970
1532209,1254733,1686000
1532011,1252974,1688752
1532173,1252133,1688731
1532085,1250709,1688936
1532582,1249279,1689663
1532326,1248025,1689918
1532232,1246105,1688471
1532158,1244117,1687966
1532289,1242444,1687278
1532216,1240819,1688136
1532422,1239578,1689192
1532377,1238853,1690822
1532092,1237940,1691542
1532073,1237600,1692202
1532299,1235155,1693530
1532316,1232971,1694393
1532179,1235034,1694994
1531439,1237602,1695436
1531419,1237524,1696190
1531079,1236982,1696242
1531414,1236465,1696926
1530992,1236339,1696836
1530748,1235957,1696410
1530622,1236013,1697265
1530763,1236376,1697099
1530530,1237608,1698862
1530716,1238215,1700216
1530400,1238716,1701697
1530341,1239519,1701544
1530396,1240121,1700382
1530542,1240212,1698080
1530665,1240648,1695613
1530918,1240975,1692334
1530604,1241205,1691526
1530716,1241532,1691013
1530514,1242013,1690708
1530692,1242118,1691920
1530067,1242501,1693432
1530067,1242495,1695336
1530115,1243169,1696422
1530164,1243982,1697475
1530076,1245232,1699870
1530071,1246463,1700879
1530040,1247816,1701738
1529642,1250583,1703021
1529537,1251492,1704123
1529670,1251283,1704927
1529345,1250937,1706291
1529649,1250870,1706502
1529349,1254446,1708222
1529640,1253830,1707976
1529571,1251710,1708024
1529447,1252347,1706461
1529730,1253440,1705864
1530003,1253517,1706111
1529691,1252954,1707398
1529846,1248603,1708014
1529843,1245613,1708851
1529575,1241440,1708938
1529484,1245679,1710255
1529661,1249611,1712052
1529942,1248823,1712504
1529693,1252139,1712688
1529078,1264137,1712077
1528546,1268955,1710512
1528479,1273243,1710856
1527769,1276904,1709021
1528076,1281582,1707513
1527532,1283245,1706173
1527159,1285193,1705021
1527349,1286760,1705819
1526438,1288400,1706100
1526487,1290398,1707021
1526274,1293348,1706474
1526326,1296459,1705843
1524621,1306743,1703481
1523649,1312561,1702386
1522618,1314977,1699522
1522536,1315873,1698908
1522274,1316130,1696314
1522323,1316472,1694272
1521961,1317549,1692722
1520947,1318242,1692572
1521420,1318262,1691453
1521201,1316168,1691132
1522134,1301999,1691574
1522359,1288988,1694372
1522308,1290750,1696115
1522009,1294205,1702182
1521982,1293218,1703470
1521971,1293914,1703754
1521995,1295123,1705251
1521818,1296498,1706654
1521416,1299746,1708294
1520996,1301436,1709126
1521315,1304284,1710794
1521208,1306137,1712650
1521179,1308192,1714635
1520846,1310122,1714906
1520521,1312752,1716431
1520700,1318295,1717744
1520578,1318546,1716808
1520142,1320159,1716702
1518821,1322961,1717001
1518515,1324608,1714873
1518280,1325699,1715052
1517860,1326531,1714556
1517459,1326869,1715945
1516706,1326066,1716656
1516291,1325792,1717585
1516132,1325229,1720914
1515781,1324008,1721849
1515087,1322782,1724399
1514478,1323487,1724224
1514378,1323797,1727170
1514527,1322113,1728137
1514348,1321512,1730694
1514159,1320717,1731541
1514032,1320743,1733479
1513726,1321266,1734559
1513739,1321261,1737165
1513510,1320364,1738527
1513497,1318188,1741334
1513449,1314849,1742242
1513777,1314328,1743379
1513837,1312801,1744995
1514133,1303742,1747030
1514197,1299370,1746804
1514322,1298789,1747424
1514438,1298445,1747948
1514089,1298204,1748805
1514023,1298201,1747599
1514319,1298276,1749177
1514125,1298292,1748869
1514322,1298595,1748347
1514551,1299509,1749436
1514243,1300528,1749277
1514125,1302449,1751282
1514475,1304278,1750301
1514538,1305773,1753251
1514809,1306398,1751945
1514679,1306814,1753326
1514575,1306651,1752270
1514622,1306760,1753300
1514675,1309310,1752231
1514345,1310102,1752974
1514537,1309824,1750642
1514671,1309503,1750751
1514982,1309607,1749016
1514387,1310129,1749675
1514048,1310932,1748566
1514004,1311870,1749969
1514046,1312947,1749648
1513573,1314371,1751534
1513404,1315600,1752874
1512890,1316410,1754226
1512581,1316810,1753372
1512053,1316651,1749389
1511618,1316155,1747636
1510895,1317466,1744716
1510492,1320998,1744131
1510019,1322629,1741959
1510118,1322814,1741718
1510239,1323024,1739653
1510065,1323033,1739181
1509676,1322940,1739373
1509593,1322677,1740438
1509562,1322128,1739531
1509596,1321869,1739521
1509344,1321276,1737909
1509244,1320848,1736676
1508858,1320566,1735491
1508955,1320183,1735095
1508920,1320231,1732515
1509144,1320271,1732902
1508941,1320279,1732130
1509149,1319750,1731281
1508721,1319648,1729020
1508658,1318762,1725862
1508484,1317495,1725219
1508755,1314856,1722604
1508612,1315474,1721465
1508709,1315633,1719873
1508162,1316499,1718756
1508106,1316580,1716815
1508479,1316438,1715179
1508327,1315155,1713578
1508367,1310043,1713180
1508519,1306941,1713431
1508549,1307820,1713686
1508712,1305325,1712536
1508842,1302933,1713502
1509107,1302876,1713099
1509096,1302347,1713762
1509222,1302296,1715015
1509162,1302347,1716498
1509071,1302450,1716757
1508617,1301523,1717492
1508657,1300420,1717713
1508490,1299394,1718272
1508463,1297951,1718866
1507323,1294480,1720270
1506818,1295414,1721337
1506108,1297342,1722232
1506029,1296517,1724091
1504968,1299455,1724378
1505465,1300990,1727336
1505113,1301397,1729304
1504938,1301201,1731541
1504693,1301020,1733741
1504584,1300847,1736397
1504267,1300842,1737841
1504608,1300802,1739713
1504448,1301258,1739428
1504329,1301480,1740026
1504289,1301328,1739319
1503764,1301131,1739062
1503717,1298010,1737970
1503462,1297092,1737428
1503215,1298573,1735912
1503026,1297234,1735885
1503315,1296337,1735376
1503298,1295318,1735643
1503578,1294947,1736416
1502981,1294836,1736182
1503004,1294443,1735377
1502750,1294355,1732979
1503071,1291922,1731418
1503000,1290943,1729435
1502918,1290605,1727672
1502959,1290125,1726565
1502687,1290351,1725822
1502606,1291359,1725557
1502654,1291718,1726815
1502188,1292656,1727000
1501883,1293688,1727937
1501651,1293891,1727619
1501212,1294498,1727983
1501001,1295302,1728658
1500770,1294912,1728497
1500649,1294441,1728678
1500130,1293491,1728410
1499918,1292374,1728814
1499233,1290049,1730896
1498808,1291127,1732217
1498209,1294715,1731601
1497735,1295604,1732234
1497582,1296329,1731861
1497335,1296831,1732262
1497121,1297995,1731278
1496861,1300892,1730891
1496446,1303223,1729901
1496273,1305465,1728457
1496164,1307315,1726616
1495806,1309040,1727306
1495812,1311584,1727603
1495123,1310231,1728154
1495044,1311660,1728550
1494312,1314666,1729098
1493391,1315939,1728562
1493448,1316796,1728814
1493278,1317125,1730108
1493159,1318256,1730218
1492360,1319668,1728833
1492242,1321378,1729102
1491875,1323245,1728295
1491668,1323965,1730254
1491224,1324446,1730254
1491120,1324637,1730701
1490832,1324450,1732109
1490713,1324700,1732572
1490599,1324819,1734183
1490805,1325177,1735718
1490707,1325653,1736428
1490548,1325718,1736139
1490077,1325914,1736638
1489816,1327121,1736542
1489109,1328303,1735924
1488869,1329161,1735235
1488638,1330642,1734687
1488196,1331671,1732157
1488066,1333690,1731763
1487306,1334519,1731078
1486846,1334069,1732123
1486528,1330619,1731775
1486009,1326673,1730372
1485562,1324008,1731166
1485137,1320341,1730765
1484669,1316685,1727366
1484464,1316108,1724781
1484382,1315922,1722406
1483966,1315900,1720943
1483701,1315597,1720081
1483564,1315990,1720746
1483545,1316619,1721915
1483224,1317719,1725835
1483417,1318388,1730111
1483152,1318436,1733937
1483061,1318053,1737534
1483100,1317708,1739766
1483405,1317612,1740272
1483429,1317256,1740369
1483441,1316966,1738935
1483324,1316825,1738350
1483217,1316743,1735469
1483098,1316687,1734890
1483085,1316500,1734324
1482766,1316174,1733501
1482766,1315792,1732811
1482715,1315286,1733421
1482469,1314828,1732650
1482669,1314638,1731299
1482391,1314071,1731742
1482494,1313784,1731260
1481952,1313953,1732432
1482087,1314469,1731918
1481952,1314778,1733629
1482043,1314770,1734194
1481972,1314888,1734927
1482029,1314143,1733693
1481985,1313464,1733788
1482195,1312734,1733590
1482227,1311671,1734526
1482489,1310189,1734098
1482548,1308441,1734341
1482332,1307096,1735290
1481952,1306380,1736585
1482015,1306411,1737893
1482057,1307056,1740299
1481817,1308108,1741254
1481817,1308369,1743492
1481533,1307952,1744245
1481609,1307624,1746376
1481616,1307485,1749268
1481726,1307622,1750283
1481374,1307746,1751796
1481298,1308735,1753636
1480284,1311277,1755820
1480267,1312377,1756199
1480039,1313786,1758533
1479921,1314813,1759778
1479470,1317730,1759502
1479393,1318101,1759372
1478937,1320440,1759504
1477544,1323573,1760888
1476338,1325065,1763065
1475472,1325367,1763332
1475152,1325670,1766601
1474779,1326283,1768233
1474055,1326709,1771950
1474011,1326925,1775201
1473610,1326179,1777837
1473060,1324531,1778242
1472672,1323325,1778770
1473428,1317437,1778064
1473683,1306606,1775948
1473922,1300091,1774784
1474158,1298428,1772863
1474610,1296268,1770868
1474212,1295851,1770646
1474165,1296533,1771669
1473760,1297915,1770923
1473859,1300032,1773261
1473446,1301115,1774107
1473633,1300010,1775647
1472895,1300858,1774300
1472101,1305948,1774069
1471463,1306427,1771865
1471267,1305270,1770253
1471069,1306430,1768265
1470816,1307026,1766175
1470375,1308087,1763535
1470163,1310075,1763865
1469607,1310065,1762526
1470255,1308741,1764256
1470408,1307573,1761464
1470434,1302780,1759450
1469946,1299017,1756160
1469555,1297245,1751629
1469325,1297076,1748795
1469008,1299454,1745522
1469013,1299625,1743732
1468989,1298969,1742918
1469117,1298923,1741433
1468643,1298891,1740303
1468500,1299303,1740262
1468217,1300305,1737494
1468047,1301547,1735561
1467632,1303132,1735864
1466889,1304932,1736199
1465711,1307762,1736450
1464787,1305705,1735206
1464471,1302180,1733370
1463092,1306639,1734690
1462430,1310089,1734466
1461213,1314623,1734605
1460221,1320061,1733629
1459208,1327862,1733576
1458486,1329159,1734099
1458441,1329169,1732349
1457644,1328200,1730082
1457413,1328670,1727432
1457076,1329154,1726636
1456414,1330441,1726421
1455478,1335061,1726551
1455067,1335978,1726601
1454907,1331982,1728884
1454086,1330751,1729207
1454173,1331733,1732478
1453662,1332507,1732395
1453182,1333497,1734064
1453402,1333402,1735235
1453306,1332840,1737720
1453233,1332180,1736922
1453339,1330944,1738313
1453407,1329422,1739046
1453574,1328110,1740486
1453734,1326739,1741190
1453277,1326272,1742905
1453158,1326977,1743347
1453775,1324889,1744773
1454218,1319609,1745496
1454144,1314496,1748467
1454365,1313099,1749770
1454557,1311751,1750424
1454486,1311179,1751154
1454328,1310523,1751476
1454210,1309874,1752218
1454688,1308696,1752005
1454778,1307183,1752157
1454867,1305369,1752703
1454817,1303126,1754188
1455310,1296550,1755794
1455170,1292399,1758231
1455427,1292030,1759781
1455482,1288404,1762025
1455676,1286498,1763776
1455095,1284561,1764809
1454673,1283536,1764008
1454301,1282947,1762357
1453708,1283237,1759011
1453162,1283912,1757585
1453333,1285454,1755942
1452485,1285065,1756506
1452590,1285273,1755622
1452255,1285137,1754832
1451935,1285113,1754051
1451892,1285111,1752821
1451625,1285637,1751541
1452061,1286242,1750387
1451958,1287045,1752740
1451737,1288014,1752950
1451679,1288212,1756622
1451681,1288102,1753246
1451485,1287524,1751950
1451409,1287085,1752289
1450944,1286444,1752080
1450944,1285886,1751092
1450866,1285783,1750128
1450680,1285980,1751012
1450588,1286875,1751012
1450279,1287634,1751436
1450445,1288912,1751636
1449938,1290239,1750285
1449706,1291064,1750293
1449833,1291024,1749592
1449409,1290804,1749874
1449478,1290315,1749659
1449216,1289953,1748960
1448891,1289106,1748721
1448646,1289066,1749548
1448756,1289113,1750907
1448610,1289438,1753394
1448863,1290172,1754057
1448496,1291421,1756394
1448521,1292689,1758268
1448234,1293948,1760182
1448397,1295391,1762402
1448030,1297132,1765045
1447692,1298937,1765133
1447692,1300319,1766071
1447418,1301627,1766069
1447340,1303154,1767168
1447077,1304594,1768489
1447177,1306008,1768131
1446980,1307166,1769307
1446387,1309390,1770337
1446216,1310066,1773831
1446279,1309806,1774195
1446065,1310275,1775510
1445917,1310458,1775290
1445831,1310578,1774830
1445725,1310665,1773092
1445547,1310409,1772699
1445885,1308713,1772540
1445905,1307719,1773461
1445820,1309095,1774068
1445799,1306923,1776742
1446277,1305663,1778131
1446291,1304360,1778605
1446417,1301420,1778202
1446504,1300130,1776850
1446469,1299612,1775644
1446664,1299419,1774995
1446378,1299316,1774207
1447261,1295675,1772941
1447027,1284086,1773621
1446773,1271543,1772255
1445608,1267322,1771600
1444933,1262430,1770242
1445025,1259704,1770074
1445083,1256878,1769703
1445050,1254157,1769551
1444536,1251546,1768632
1444322,1250021,1767347
1444256,1249740,1765881
1443659,1254440,1764553
1443271,1258300,1760955
1443263,1253400,1759708
1443031,1244996,1758032
1443301,1241934,1756300
1442744,1243287,1756663
1442872,1242810,1757011
1443010,1241174,1758619
1442401,1239848,1759374
1442830,1237157,1758892
1441861,1236358,1757077
1442053,1236267,1752292
1442015,1235726,1748926
1442045,1234601,1746761
1442019,1231102,1745196
1442107,1225641,1744089
1442422,1215112,1743706
1442200,1208508,1742898
1442434,1207746,1743955
1442388,1206738,1742940
1442351,1206923,1743514
1442327,1207366,1742159
1441964,1208574,1742175
1441577,1209308,1741611
1442155,1208905,1741101
1441696,1208764,1740205
1441450,1209514,1740566
1441440,1210400,1740003
1441187,1211814,1741772
1441231,1215453,1739831
1441271,1219306,1740256
1440983,1216786,1741069
1440675,1214365,1741919
1440904,1215621,1743834
1440563,1217232,1743662
1440170,1222734,1744412
1439322,1225851,1744088
1439351,1228139,1745223
1438517,1227286,1743969
1437682,1224398,1745692
1436722,1227669,1744295
1436223,1238060,1742275
1435711,1243448,1740432
1435134,1243354,1738893
1435632,1243849,1737438
1435341,1244257,1736137
1434772,1245362,1734014
1434858,1247288,1732642
1434441,1248875,1729970
1434287,1249694,1728933
1434738,1249807,1726889
1434641,1248788,1726441
1434573,1240672,1723639
1434222,1232896,1723403
1434171,1226151,1722273
1433914,1212830,1721670
1433951,1199329,1717679
1434017,1196221,1714569
1433817,1193456,1712020
1434060,1190887,1709287
1433904,1187683,1706916
1433923,1184251,1702707
1433869,1181254,1700540
1434051,1179407,1697269
1433857,1178889,1693328
1433662,1179723,1690618
1433510,1181583,1688430
1433254,1184912,1686506
1433088,1188165,1683787
1433019,1190662,1681199
1433146,1195204,1680816
1432790,1198423,1680843
1432735,1191817,1682021
1432884,1189376,1683542
1432898,1186562,1684366
1433215,1183997,1684547
1433253,1182048,1683846
1432946,1180702,1683988
1432623,1179950,1685213
1432794,1179962,1687059
1432514,1181130,1686862
1432690,1182734,1689128
1432316,1183034,1689069
1432510,1181574,1689188
1432200,1179637,1688678
1432261,1177915,1691955
1431957,1176997,1693856
1431555,1177787,1699675
1430140,1189158,1703748
1429634,1200722,1710331
1429529,1203313,1713204
1429774,1201782,1717435
1429727,1199092,1718023
1430138,1196013,1720031
1429820,1193013,1720386
1429626,1190034,1721357
1429635,1188084,1720244
1429494,1186972,1721523
1429425,1187594,1722311
1429652,1188581,1723795
1429263,1189102,1723737
1429290,1188849,1722778
1429251,1187631,1723674
1429566,1179715,1722392
1429759,1172785,1722805
1429083,1174911,1721693
1427981,1177979,1722108
1428178,1178616,1720703
1427815,1179619,1720710
1427760,1181197,1720575
1427093,1185024,1720750
1426898,1189498,1720545
1426714,1194836,1721738
1426633,1199583,1722998
1426118,1203930,1724738
1423668,1225486,1726550
1420562,1252084,1727911
1420351,1253269,1728961
1420443,1237403,1728766
1419648,1232794,1727298
1419348,1235517,1728646
1419251,1238856,1729638
1418575,1242582,1733655
1418237,1245514,1739209
1417679,1247577,1740354
1417602,1249431,1741803
1417185,1253967,1741186
1416168,1256800,1741616
1415912,1259410,1741604
1415444,1262388,1741842
1415538,1263316,1741719
1415327,1261539,1742929
1415517,1258886,1744206
1415299,1254764,1745889
1414954,1239914,1748827
1414763,1234943,1750614
1414444,1238585,1751893
1414647,1238140,1752467
1414909,1237164,1750637
1414419,1237128,1749869
1414088,1237720,1748920
1413894,1239682,1748132
1413746,1242701,1747029
1413573,1246522,1748950
1413328,1250418,1747341
1413490,1254139,1745881
1414197,1256766,1744718
1414958,1247411,1743992
1415323,1239068,1744148
1414851,1239996,1743387
1415059,1240552,1742895
1415052,1240322,1740865
1415280,1239786,1738824
1415242,1235993,1735604
1415749,1234296,1733248
1415939,1232725,1730777
1415942,1232315,1727854
1416237,1232876,1725710
1415701,1239087,1722641
1415469,1247874,1720732
1414875,1256266,1719112
1414049,1257726,1717967
1413602,1260802,1719067
1413375,1262024,1718967
1413350,1262634,1718754
1413215,1262988,1716909
1413090,1261309,1716522
1413013,1258973,1715975
1413389,1252070,1715971
1413327,1247788,1715058
1413291,1237736,1716277
1412726,1236226,1718234
1412903,1232102,1720398
1412216,1227907,1724818
1411413,1231015,1727026
1411441,1232165,1728961
1411503,1232132,1729662
1411260,1231804,1731599
1411425,1231437,1731549
1411321,1230271,1732841
1411224,1228955,1733187
1411335,1228077,1734038
1411539,1227636,1735343
1411117,1227798,1736607
1411342,1229793,1737839
1411275,1230718,1738390
1411629,1228470,1737114
1411327,1227022,1734448
1411149,1228511,1731664
1411667,1230043,1730105
1411781,1231937,1727428
1411769,1236354,1723490
1411358,1237886,1723805
1411459,1240038,1721764
1411355,1241823,1719848
1411196,1252738,1717972
1410628,1269169,1716133
1410601,1275144,1714974
1410389,1280342,1713900
1409826,1287937,1713723
1409478,1289264,1713933
1409537,1289841,1713882
1409704,1290112,1714057
1409360,1290078,1714641
1409258,1290189,1713436
1409293,1290328,1713979
1409368,1291268,1715381
1409512,1290166,1718215
1409740,1290565,1720729
1409460,1290765,1723269
1409827,1291205,1728084
1409411,1292676,1732914
1409900,1291912,1735597
1409981,1290199,1737969
1409851,1288231,1737532
1409592,1286000,1739385
1409720,1284622,1741496
1409402,1283997,1743441
1409465,1284519,1746332
1409246,1285379,1748719
1408814,1286882,1751527
1408474,1289682,1754588
1408268,1293291,1758080
1408310,1297245,1764141
1408524,1299942,1767950
1408177,1301910,1770197
1408187,1303106,1771483
1408070,1304139,1770632
1408222,1304639,1771243
1407746,1305333,1772404
1407645,1306161,1773946
1407645,1306708,1775552
1407465,1307389,1776702
1407533,1308200,1778129
1407686,1309387,1781382
1407865,1310363,1781505
1407759,1311034,1781095
1407479,1313784,1779373
1407313,1315757,1778149
1407008,1317423,1777498
1406295,1319758,1776249
1405784,1322575,1774560
1405082,1324879,1772905
1404814,1326252,1772514
1404420,1327033,1770532
1404494,1327472,1771641
1404448,1327549,1772067
1404703,1327232,1772996
1404580,1326662,1773267
1404544,1326380,1772508
1404806,1326225,1769058
1404832,1325737,1766845
1404296,1325552,1764446
1404296,1325237,1763198
1404508,1324630,1760921
1404439,1324074,1761937
1404149,1323709,1762379
1404116,1323644,1764023
1404293,1323699,1762709
1403691,1325634,1759703
1403621,1326957,1757337
1403751,1327445,1755397
1403678,1322186,1754571
1402114,1321732,1754357
1400814,1328596,1753866
1400954,1329024,1753058
1400781,1323884,1753092
1400791,1323253,1750768
1400876,1322444,1749740
1400556,1322417,1747469
1400143,1321597,1745031
1399993,1320886,1742666
1399768,1320634,1742128
1399874,1320920,1740882
1399911,1320898,1740949
1399612,1320739,1739811
1399654,1321009,1739055
1399255,1321927,1737429
1399313,1322628,1737165
1398807,1324195,1734361
1397546,1325614,1729473
1396500,1328852,1727752
1396461,1330398,1725676
1396137,1330711,1725720
1396200,1330813,1725789
1395664,1329698,1727841
1395156,1329494,1726309
1395728,1328171,1727455
1395343,1328221,1726818
1394867,1329126,1726173
1394668,1329646,1725696
1394014,1330719,1724314
1393886,1333999,1722479
1393422,1337146,1719897
1393140,1339791,1717021
1392826,1338985,1718228
1392885,1338804,1716461
1392694,1338325,1717325
1392317,1338011,1716798
1392189,1339370,1716353
1391724,1339593,1716017
1391868,1339345,1716417
1391303,1339955,1716519
1390597,1344190,1717721
1390511,1346433,1720714
1390435,1346238,1722689
1390030,1346944,1727069
1389480,1349259,1731263
1389544,1349499,1735176
1389226,1348906,1737710
1389477,1348330,1740516
1389079,1345632,1740692
1388296,1344554,1740511
1387320,1344380,1739413
1386239,1346746,1740091
1385862,1346341,1737902
1385578,1341568,1738122
1385091,1338474,1738879
1384122,1341005,1740722
1383920,1342324,1741798
1383619,1343060,1744155
1383566,1343522,1743699
1383931,1342238,1744028
1383859,1340536,1744748
1383939,1339249,1745755
1383909,1337919,1742852
1383525,1336786,1740298
1383094,1335751,1740298
1382856,1334260,1739206
1382805,1331037,1740964
1382370,1327972,1739309
1382043,1328167,1741760
1381909,1327612,1741118
1381843,1327623,1742487
1381657,1326383,1740051
1381645,1325298,1741785
1381748,1324259,1740404
1381736,1323007,1741000
1381864,1322300,1740172
1381897,1321226,1739877
1381510,1319861,1738378
1381367,1317784,1738011
1380283,1311176,1736513
1379220,1309212,1736183
1378674,1309724,1733257
1378060,1307449,1732711
1378199,1306755,1732389
1377785,1305708,1732333
1377755,1304809,1733746
1377444,1304490,1734934
1376941,1303824,1737040
1376718,1303252,1737358
1376549,1303006,1738655
1376438,1302987,1736553
1375989,1303235,1734809
1376061,1303489,1731345
1375775,1304058,1729628
1375590,1307036,1727461
1374920,1306169,1727836
1373977,1304957,1727454
1374042,1305682,1727775
1374109,1306604,1729289
1374044,1307813,1730137
1374140,1308433,1729668
1373893,1307507,1728983
1373850,1306135,1727029
1373904,1304634,1726396
1374072,1302615,1726224
1373851,1301401,1726601
1373746,1300735,1727529
1373223,1301483,1729543
1373531,1302910,1730758
1373482,1303785,1729534
1373975,1303099,1729084
1373762,1301395,1726942
1373769,1299323,1726341
1373760,1298303,1726012
1373548,1297902,1727445
1373664,1297802,1728079
1373639,1297833,1731286
1373215,1298166,1733684
1373215,1298187,1737630
1373305,1297025,1740553
1373257,1295356,1742414
1373065,1292736,1741190
1372633,1290068,1739014
1372239,1288271,1737314
1370702,1288015,1737741
1370288,1288336,1738129
1370049,1289819,1740428
1370002,1290277,1742625
1369353,1290108,1747132
1369078,1290789,1752260
1368745,1291148,1752520
1368489,1291369,1752327
1368167,1292391,1752413
1367838,1293244,1754084
1367106,1295039,1754131
1365724,1299278,1755676
1363912,1306339,1756006
1363624,1310156,1755413
1363458,1313107,1755203
1363295,1315713,1754414
1363332,1317671,1753536
1363326,1318397,1754078
1362943,1318204,1754446
1363078,1317356,1754728
1362758,1317015,1753423
1362665,1316846,1751169
1362320,1317525,1748352
1362261,1318434,1745520
1361528,1319778,1740719
1361625,1321105,1737257
1361495,1322382,1733569
1361574,1323423,1725722
1361416,1324527,1722544
1361360,1325433,1719648
1360756,1326871,1718135
1360997,1328386,1716644
1360820,1330197,1714738
1360876,1331430,1712733
1360445,1332099,1707774
1360445,1331864,1702868
1360680,1331889,1700076
1360283,1331873,1699121
1360461,1332258,1701480
1360429,1332573,1707144
1360358,1333345,1716291
1360387,1334086,1722023
1360042,1334846,1725031
1360484,1334688,1727426
1360383,1335081,1728672
1359981,1335699,1730516
1359970,1337189,1732256
1360455,1337617,1736014
1360723,1334616,1739582
1360672,1331303,1745636
1360773,1331540,1754321
1360841,1332376,1755280
1360767,1333814,1754261
1360462,1335031,1753355
1360761,1336211,1753941
1360782,1336457,1754281
1361568,1333955,1756757
1361761,1331589,1757090
1362033,1324034,1758971
1360890,1320959,1761659
1359965,1320451,1762681
1359485,1315853,1763484
1358776,1307896,1763589
1358387,1305561,1762110
1358109,1303801,1760566
1357523,1302557,1760263
1357319,1301964,1760152
1355899,1302480,1760177
1355740,1305423,1759529
1356013,1302405,1758281
1356645,1299037,1758720
1356513,1299987,1758157
1356607,1301292,1758583
1356475,1302290,1760803
1356199,1302492,1760233
1356086,1303148,1760935
1355880,1303851,1760834
1355437,1304708,1759568
1354886,1305226,1756895
1354743,1306467,1753847
1354840,1307858,1750909
1354639,1309475,1748547
1354669,1312996,1747235
1354955,1310792,1747649
1356155,1304738,1749250
1356755,1301010,1750994
1357206,1300248,1753422
1357459,1299855,1756215
1357430,1299422,1760499
1357106,1299230,1764955
1357025,1300563,1768910
1356591,1301928,1772992
1356302,1304055,1774399
1356168,1306659,1774896
1355915,1309634,1773649
1355216,1321285,1772565
1354982,1331776,1774117
1355970,1334910,1774116
1356385,1334080,1776772
1356258,1334833,1778927
1356548,1335816,1780202
1356650,1336739,1781320
1356412,1339151,1781384
1356599,1339466,1780924
1357049,1340111,1781672
1357158,1340415,1782811
1356972,1342531,1783404
1356509,1345831,1783051
1355266,1344919,1784130
1354197,1346529,1783826
1353559,1348062,1784953
1353136,1350214,1783956
1352445,1352618,1782750
1351955,1354528,1782983
1351418,1356271,1785244
1350882,1358423,1783788
1350356,1360453,1785761
1349136,1365685,1786643
1347351,1369741,1787273
1346549,1375491,1787806
1345861,1378878,1788093
1346012,1379388,1788925
1346179,1379227,1786286
1346469,1378334,1779978
1346469,1377814,1769871
1346361,1377630,1767135
1345913,1377217,1765828
1345890,1377526,1766000
1345831,1377797,1765978
1345744,1378433,1765113
1345729,1378783,1765113
1345738,1378766,1765530
1345676,1378942,1763743
1345818,1378522,1763703
1346158,1377391,1761217
1346274,1378526,1759624
1346167,1380217,1757979
1346488,1379012,1758003
1346620,1378898,1756402
1346958,1378359,1756332
1346602,1378318,1757873
1346606,1378456,1759846
1346304,1378832,1761715
1346496,1379039,1764345
1346298,1380159,1767378
1346321,1380707,1772047
1346179,1380555,1775554
1346193,1380689,1777824
1346234,1380738,1775751
1346577,1381068,1774426
1346583,1381184,1770172
1346819,1381313,1766950
1346767,1381392,1764622
1346865,1381889,1763921
1346812,1382201,1766149
1347229,1382242,1767277
1347186,1382256,1771038
1347186,1381831,1772589
1347579,1381602,1775904
1347867,1381027,1774888
1348384,1381244,1772939
1348680,1380757,1770016
1349475,1380175,1766753
1350472,1378514,1762000
1350803,1377945,1760161
1350540,1378089,1757162
1350697,1379354,1757147
1350502,1380814,1755779
1350271,1382465,1756492
1349920,1384275,1755365
1349800,1386928,1753771
1349808,1385264,1751647
1349402,1378317,1749888
1348737,1372065,1745447
1348688,1371248,1744306
1348371,1370898,1739287
1347756,1372989,1738779
1346719,1374167,1738678
1346645,1374709,1739799
1346697,1374343,1743250
1346362,1373467,1742988
1346406,1372763,1745179
1346068,1371962,1743333
1345910,1371195,1741639
1345630,1371831,1739880
1345669,1374498,1738999
1344266,1375840,1736547
1344104,1378295,1737834
1344198,1379017,1736777
1344136,1379066,1736240
1343975,1378758,1736826
1343819,1378498,1737178
1343695,1378714,1737909
1343746,1378647,1738336
1344079,1377753,1740050
1343669,1376962,1739709
1344001,1375283,1740771
1343891,1376215,1739283
1344399,1377197,1739147
1344683,1377874,1738008
1344729,1376417,1738153
1345072,1376552,1738824
1345237,1376223,1740245
1345061,1376764,1741586
1345261,1377410,1742000
1345159,1377397,1740435
1345671,1376246,1739175
1346244,1372508,1738517
1345951,1373669,1737919
1346360,1374798,1736292
1346661,1374067,1734800
1347049,1373962,1732653
1347023,1373606,1730929
1347128,1373773,1728904
1346947,1374075,1729159
1347111,1374283,1728918
1347550,1374039,1731847
1347454,1373765,1735839
1347441,1374129,1740490
1347497,1374316,1753250
1347407,1374832,1758390
1347666,1377174,1763740
1348025,1378784,1767367
1348511,1378527,1770428
1348494,1377068,1770431
1348795,1376900,1771618
1348882,1376518,1771515
1348706,1376298,1772208
1348575,1376863,1772938
1348845,1376969,1774741
1348083,1377122,1773102
1347179,1376571,1772568
1346380,1376088,1769494
1346077,1377302,1767033
1345215,1379445,1765068
1344847,1378438,1764447
1345022,1378021,1761670
1344842,1377470,1761030
1344491,1377359,1759259
1344177,1379272,1760362
1343407,1381087,1761338
1343282,1384397,1765239
1342927,1385277,1766601
1342849,1385850,1766747
1343013,1382514,1766170
1343309,1379908,1765447
1343262,1379564,1764822
1343486,1376579,1766418
1344028,1374474,1766559
1344309,1371854,1767636
1344349,1370148,1770223
1344085,1368999,1770852
1344133,1368572,1771388
1344015,1368399,1771571
1344127,1368781,1772369
1344243,1369001,1772554
1344256,1367793,1773141
1344125,1366556,1774594
1344424,1365574,1775008
1344406,1364357,1773183
1344719,1362836,1772462
1345285,1359464,1771316
1345443,1356168,1770980
1345537,1354619,1769055
1345771,1354809,1769705
1345737,1355059,1771839
1345730,1355656,1774108
1345935,1356302,1775695
1345868,1355829,1776501
1345862,1354537,1778324
1346442,1353000,1778472
1346095,1353152,1778394
1346043,1353849,1777995
1345825,1354271,1776579
1345912,1354928,1775321
1345804,1355367,1775696
1345564,1355767,1775000
1345423,1355794,1775223
1344895,1355724,1776487
1344686,1355834,1778937
1344257,1356266,1780299
1343840,1357055,1780604
1343267,1358536,1781295
1343267,1360227,1780175
1342911,1362202,1779095
1342599,1363733,1777767
1342317,1365693,1775920
1342073,1366395,1775384
1342036,1366605,1776064
1341313,1367347,1777743
1341002,1367919,1779582
1340893,1368535,1780494
1340812,1369530,1781627
1340540,1370452,1783608
1340762,1371195,1782718
1340556,1371898,1782014
1340588,1373065,1780947
1340490,1374412,1780195
1340886,1375631,1780299
1340940,1375499,1780019
1341023,1373712,1780534
1340968,1372278,1782085
1341114,1370686,1782267
1340787,1369683,1782826
1340947,1368871,1781951
1340947,1368498,1782087
1340565,1368578,1782431
1340916,1368868,1781534
1340804,1368831,1778262
1340942,1368310,1776439
1341013,1367825,1776177
1341467,1366109,1773078
1341520,1365641,1772838
1341810,1365063,1771395
1341895,1365533,1771260
1342054,1365725,1771617
1342016,1366101,1772431
1342172,1366442,1772692
1342448,1366693,1773663
1342752,1366626,1774248
1342904,1366463,1774568
1342851,1366319,1771388
1342525,1366390,1767457
1342499,1367056,1763761
1342344,1368263,1762362
1342183,1369669,1761847
1340509,1376478,1761157
1340434,1379976,1760764
1339321,1387304,1762014
1339373,1390786,1762345
1339174,1393011,1765863
1338965,1393723,1768209
1339494,1393636,1770122
1339916,1393010,1769714
1340312,1392442,1770541
1340725,1390866,1772857
1341197,1390430,1773958
1341232,1390010,1775101
1341570,1390011,1775569
1341761,1390829,1774361
1341814,1391128,1769102
1341773,1391046,1762466
1341914,1388398,1752498
1342204,1382637,1744151
1342611,1381390,1737708
1342623,1380001,1733462
1342808,1378586,1731612
1342582,1378555,1732417
1342580,1378668,1734564
1342404,1378909,1737725
1342850,1378457,1741390
1343078,1377614,1743950
1343555,1375835,1744589
1343858,1373775,1743269
1344040,1371406,1742244
1343944,1368983,1742647
1344256,1366611,1746019
1343798,1364638,1746443
1343820,1363098,1751393
1343433,1361332,1756111
1343182,1359677,1760521
1342562,1358369,1764972
1342494,1357385,1768565
1342280,1356465,1767308
1341979,1356132,1767021
1341301,1355496,1764401
1341301,1355145,1762380
1341258,1355098,1759263
1340888,1355944,1757645
1340707,1356957,1754292
1340167,1357477,1753013
1339922,1358085,1750743
1339192,1357934,1751014
1339243,1358268,1750495
1339122,1358625,1752142
1339056,1358809,1753015
1338718,1358492,1752161
1338624,1357907,1751825
1338875,1354901,1748403
1339438,1349327,1745842
1339350,1344918,1742135
1339280,1342915,1740773
1339216,1342942,1740756
1339117,1342106,1741693
1338832,1341112,1743971
1338934,1339551,1747981
1338587,1339482,1749675
1338806,1340169,1753110
1338643,1340915,1752442
1339210,1338826,1751960
1339099,1335306,1749441
1339509,1335168,1748004
1339323,1339475,1744657
1339521,1342027,1745085
1339536,1342285,1743934
1339796,1342073,1745930
1339709,1341004,1744626
1339799,1340895,1744224
1339995,1341313,1740208
1339798,1341590,1738168
1339754,1344930,1737402
1339905,1347040,1735799
1340428,1347403,1735960
1340820,1345898,1736475
1340953,1345268,1736525
1341332,1346080,1737107
1341323,1346484,1738068
1341604,1346701,1739115
1341684,1347081,1740061
1341885,1346130,1740945
1341685,1345426,1744263
1341661,1347148,1745011
1341742,1354447,1748787
1341736,1362062,1751058
1341996,1364690,1754837
1342128,1368193,1756321
1341963,1370072,1756031
1341875,1371395,1754926
1341788,1372887,1755148
1342114,1372734,1752549
1342241,1371458,1747298
1341985,1369975,1745108
1340953,1366611,1741364
1339535,1362652,1740123
1338555,1363164,1738080
1338210,1366371,1737488
1338168,1364020,1736149
1338229,1362512,1735098
1338202,1360464,1733316
1338013,1358582,1732899
1338133,1356607,1731071
1337894,1355263,1729477
1337325,1354122,1727711
1337360,1353080,1727070
1337355,1351729,1727976
1337253,1349272,1730222
1337244,1346280,1732782
1337286,1343761,1736734
1336630,1341652,1738933
1336533,1341225,1741089
1336420,1341159,1740962
1336575,1341498,1742113
1336480,1341238,1740004
1336696,1340791,1738399
1336392,1340352,1737669
1336740,1340012,1736556
1337004,1339235,1736495
1336744,1338140,1734910
1336502,1336213,1733768
1336502,1333294,1732399
1336841,1330561,1731158
1336585,1328349,1729631
1336874,1326484,1729909
1336584,1325365,1730487
1336474,1325409,1732039
1336078,1327777,1733775
1336139,1330063,1736833
1336008,1332398,1738176
1336021,1334701,1741038
1335826,1337014,1740572
1336002,1338805,1738610
1335682,1340311,1736124
1335923,1340922,1734013
1336239,1341127,1731626
1336658,1341504,1730079
1336351,1341789,1729070
1336422,1341603,1728402
1336378,1342260,1726028
1336690,1342832,1724632
1336371,1343581,1722631
1336449,1343642,1720687
1336449,1343710,1718889
1336405,1343736,1716982
1336690,1343446,1715606
1336674,1342880,1713300
1337087,1342134,1713183
1337050,1341123,1713253
1337403,1339919,1713692
1336965,1339830,1712829
1337206,1339803,1712588
1337060,1340348,1712548
1337245,1341046,1712685
1337141,1342264,1715154
1337195,1344230,1716729
1336962,1346597,1719212
1337425,1349189,1722066
1337526,1351232,1722066
1337578,1352096,1724654
1337614,1352327,1725078
1337811,1352477,1726680
1337910,1352013,1726442
1338159,1351640,1725190
1337785,1351531,1723996
1337785,1351487,1721221
1337854,1351743,1719321
1337904,1352787,1719322
1338165,1354141,1719265
1338031,1354457,1721289
1338238,1355167,1724804
1338425,1354957,1726916
1338670,1354387,1728410
1338468,1353736,1729985
1338933,1352977,1732122
1338837,1353280,1732931
1339605,1350425,1735257
1339032,1346613,1737309
1338586,1338576,1741224
1338470,1333084,1743913
1338291,1326789,1747605
1338102,1320326,1755092
1338175,1313509,1758898
1337501,1306289,1761021
1337474,1300065,1762950
1337206,1294939,1765775
1337262,1291427,1768567
1336797,1289101,1770520
1336901,1287823,1770196
1336537,1286416,1769993
1336486,1284891,1768157
1336362,1282476,1767693
1336500,1280967,1767764
1336467,1280453,1766987
1335861,1286379,1764750
1335250,1297616,1763877
1335318,1306604,1764078
1335074,1310899,1763126
1335318,1315799,1761875
1334852,1322271,1762178
1334211,1329829,1760702
1333372,1337890,1759956
1332773,1345721,1757840
1332162,1353499,1757123
1331810,1360543,1758394
1331435,1366657,1758570
1331211,1379102,1758456
1330361,1388002,1757296
1330294,1396430,1756287
1330707,1400067,1754716
1331093,1396716,1754250
1331374,1395678,1752411
1331692,1394761,1752045
1331282,1394578,1752498
1331439,1394439,1751029
1331358,1394524,1748261
1331391,1394447,1746763
1331667,1393551,1743934
1332044,1393207,1742773
1332220,1391705,1740251
1332395,1389254,1739202
1332537,1386742,1738094
1332746,1384632,1739137
1332660,1384915,1739081
1333062,1389146,1741819
1333331,1390122,1741999
1333515,1391062,1742556
1333656,1392166,1742505
1333958,1393421,1742243
1334085,1391640,1743665
1334411,1391310,1743935
1334645,1390086,1745374
1334913,1388980,1746783
1335034,1387788,1748587
1335284,1386994,1752143
1335371,1386649,1753778
1335533,1385380,1754870
1335437,1383239,1754957
1335642,1380434,1754936
1336007,1377218,1755345
1336258,1373455,1755021
1336647,1369536,1755898
1336998,1365274,1755827
1337155,1361762,1756508
1337367,1359092,1757189
1337595,1356565,1760274
1337679,1354175,1761768
1337297,1350759,1761299
1337297,1347086,1762236
1337180,1342776,1762036
1337102,1339003,1762364
1336588,1335901,1761464
1336131,1334072,1760940
1335714,1333269,1760489
1333880,1334733,1761006
1333789,1335151,1760114
1333707,1334753,1761125
1333822,1333697,1759949
1333600,1326775,1760040
1332950,1327308,1758041
1332728,1334113,1757866
1333022,1336269,1758322
1332927,1334461,1759554
1332990,1335649,1759367
1332793,1337172,1760175
1332503,1342100,1761884
1331987,1345245,1763873
1332378,1349827,1764455
1331862,1351446,1767007
1331707,1353846,1767743
1331094,1359479,1770470
1331079,1365735,1770470
1330519,1373694,1770714
1329948,1383044,1772610
1330107,1385686,1771456
1329933,1387741,1772351
1330018,1389530,1770137
1329953,1391094,1768778
1329915,1392018,1765142
1329876,1392888,1764421
1330039,1393909,1763422
1330289,1395782,1765851
1329984,1396438,1764543
1329926,1397602,1764339
1329630,1399166,1763768
1329667,1400559,1763829
1329717,1401988,1763387
1329904,1403306,1762267
1330162,1403798,1760516
1330406,1403359,1759441
1330449,1402803,1758744
1330905,1402153,1761265
1330962,1402009,1759880
1330969,1402082,1761198
1330969,1402013,1761198
1330776,1402711,1759524
1330963,1402618,1759966
1331169,1402409,1758214
1331562,1402089,1759818
1331370,1401972,1759755
1331415,1402371,1761211
1331447,1403951,1759826
1331516,1406026,1762468
1331452,1407625,1761723
1331553,1409470,1763392
1331600,1409742,1761383
1331729,1409233,1762294
1331670,1408660,1760727
1332087,1407530,1763146
1332128,1406912,1762741
1331865,1406331,1764616
1331599,1406103,1762910
1331268,1406132,1763906
1330966,1405891,1761806
1330796,1404352,1761745
1330453,1397541,1759888
1330100,1395211,1758743
1330066,1396594,1759920
1330039,1397458,1759444
1329746,1398325,1761043
1329921,1397954,1761893
1329883,1397004,1762325
1330137,1395410,1760492
1330147,1394430,1758610
1330134,1393762,1756808
1329976,1395172,1756482
1329779,1399688,1754780
1329981,1398957,1755843
1329905,1396749,1756010
1329527,1397502,1756485
1329316,1398046,1756594
1329436,1398249,1756908
1329523,1398177,1756845
1329327,1396781,1756984
1329628,1394496,1756596
1329632,1392706,1757236
1330164,1387258,1757484
1330260,1386121,1759814
1330447,1386316,1763248
1330861,1382738,1764728
1331494,1375352,1768979
1331694,1373406,1769813
1331876,1372286,1772179
1331655,1371586,1772828
1331695,1371435,1773595
1331674,1372247,1772842
1331726,1373162,1774448
1331572,1373805,1773150
1331890,1373323,1774534
1331766,1371908,1775050
1332028,1370838,1777102
1332267,1366785,1774924
1332543,1364460,1774885
1332590,1363836,1774348
1331660,1361001,1773716
1330152,1358165,1771691
1329880,1357126,1770016
1329751,1355452,1767552
1329507,1352280,1767434
1328694,1351181,1763948
1328880,1349449,1763948
1328471,1349348,1763887
1328664,1348932,1761406
1328356,1347399,1760323
1328316,1346018,1758945
1328103,1345580,1757818
1328335,1345361,1755326
1328293,1345109,1752621
1328378,1344696,1748993
1328048,1344589,1745524
1328210,1339705,1744488
1327929,1338394,1744873
1327983,1336788,1746067
1327728,1335858,1747167
1327818,1335706,1748027
1327579,1335853,1749793
1327254,1336608,1750996
1327271,1337305,1749116
1326903,1337515,1747026
1326899,1336780,1743777
1326680,1336030,1741142
1326738,1335288,1739650
1326667,1334643,1740428
1326941,1335270,1740774
1326416,1338337,1742871
1326350,1342317,1743603
1326652,1342733,1746785
1326914,1342195,1748793
1326866,1341734,1750428
1326959,1341326,1751366
1326935,1341050,1749979
1326932,1340572,1749516
1327633,1334827,1750105
1327998,1328695,1750700
1328066,1328743,1751590
1328347,1326200,1752128
1327390,1315014,1754159
1326904,1310385,1755368
1326383,1308527,1757337
1325777,1308237,1757424
1324854,1310523,1755859
1324523,1313449,1755234
1324009,1313297,1753354
1323775,1309244,1751137
1323027,1310550,1747637
1322902,1318525,1746450
1322679,1320889,1746349
1322466,1320929,1746169
1322359,1322390,1746387
1322622,1323759,1747237
1322323,1325815,1747836
1322475,1327673,1747453
1322420,1329096,1748128
1322029,1330216,1748358
1321897,1330802,1749147
1321995,1330570,1749435
1321938,1329252,1749079
1322087,1327953,1749045
1322207,1326922,1747680
1321818,1325531,1747600
1321740,1325216,1746399
1321709,1331223,1745311
1321205,1338698,1744944
1321347,1340902,1745812
1321515,1342532,1747166
1321372,1344434,1748988
1321309,1347563,1749706
1321210,1351060,1749901
1320915,1354523,1748502
1320696,1357108,1747014
1320797,1359210,1745464
1321146,1360363,1743475
1321087,1361726,1741718
1321060,1362700,1742066
1320943,1363721,1742096
1320854,1365352,1743067
1320997,1366724,1743519
1321177,1368162,1743024
1321459,1369656,1743375
1321578,1370233,1742943
1321836,1370489,1744780
1321804,1370846,1745408
1322084,1370850,1748360
1321916,1371199,1749875
1321623,1371241,1750050
1321623,1370854,1752153
1321601,1370048,1752372
1321586,1369152,1751693
1321307,1369018,1750619
1320945,1368711,1749287
1320759,1368707,1748879
1319318,1370411,1748600
1319219,1371443,1750090
1319197,1371603,1749949
1319062,1371360,1750961
1318985,1369838,1748879
1318885,1368060,1747885
1319035,1366936,1745449
1319121,1365874,1742792
1319160,1365015,1739517
1319315,1364808,1736590
1319150,1365402,1733152
1318677,1366414,1730602
1318642,1368194,1728311
1318470,1369767,1728222
1318385,1371318,1727965
1317975,1372744,1728319
1317975,1373822,1729386
1317810,1374783,1730253
1317699,1375921,1729357
1317699,1376894,1724716
1317563,1377672,1723239
1317653,1378642,1721439
1317438,1380531,1719361
1317894,1380592,1718387
1317692,1380255,1718938
1317964,1379580,1720944
1317927,1378702,1721899
1317830,1377425,1724206
1317699,1376717,1726252
1317828,1376356,1728483
1317771,1376380,1732144
1318202,1376795,1735157
1317995,1377077,1737414
1318353,1377259,1738413
1318271,1377417,1740701
1318433,1377327,1740148
1318173,1377458,1741772
1318100,1378465,1739191
1318094,1378907,1738885
1318113,1378584,1737855
1317902,1378510,1738024
1317688,1378809,1739221
1317289,1379591,1739813
1317406,1382310,1739535
1317409,1383414,1737617
1317941,1383144,1735885
1318323,1379704,1732427
1318596,1380136,1731156
1318638,1382339,1728196
1319052,1380131,1725752
1319361,1379562,1724700
1319570,1379184,1723428
1319596,1379009,1722218
1319553,1380177,1722289
1318766,1381026,1722806
1318922,1381391,1723025
1317842,1380553,1723378
1317706,1374243,1724447
1316739,1368034,1725607
1316743,1368328,1724052
1316377,1369086,1723521
1315842,1369763,1721074
1315640,1370957,1721755
1315703,1372109,1721501
1315432,1373457,1721136
1315629,1376091,1721433
1315305,1376734,1721689
1315095,1378283,1721789
1315142,1379802,1721445
1315050,1381292,1720241
1314977,1382632,1718761
1314627,1384341,1715584
1314648,1385738,1712361
1314164,1393255,1709420
1313696,1400566,1706940
1312684,1407421,1704544
1312329,1413800,1702898
1312468,1415091,1700627
1312925,1415517,1700068
1312894,1416080,1699477
1313045,1416196,1701771
1313061,1416287,1703420
1313266,1417049,1703425
1314111,1414985,1702818
1314332,1414483,1702373
1314769,1415194,1702899
1314874,1415831,1702588
1314781,1415890,1700237
1315006,1416856,1700249
1315256,1417352,1698590
1314902,1418523,1698753
1315104,1420170,1699711
1314998,1420294,1700262
1315748,1419515,1701728
1316487,1416337,1702057
1315730,1414877,1702510
1314739,1414843,1702652
1314123,1412902,1701660
1314106,1412836,1703343
1313969,1412623,1702894
1313843,1412864,1704042
1313387,1413964,1705546
1313248,1414832,1706327
1313653,1415659,1707088
1313395,1415654,1706988
1313034,1417484,1706818
1312834,1418904,1708807
1312805,1420848,1710534
1313047,1419185,1714092
1313058,1418816,1715458
1313021,1419601,1716787
1312861,1419615,1715840
1312981,1419683,1715196
1312918,1419328,1715795
1312902,1418807,1716164
1313280,1417941,1716139
1313271,1416618,1717210
1313458,1415558,1718186
1313361,1414562,1719841
1313499,1413516,1720987
1313400,1413390,1723323
1314063,1415492,1724767
1314101,1415403,1725600
1314269,1416126,1727173
1314881,1416433,1727887
1314795,1415934,1728075
1315034,1415647,1728059
1315288,1415425,1727842
1315401,1415660,1727232
1315025,1415733,1726079
1315280,1415814,1725844
1315275,1415749,1725219
1315471,1415846,1726260
1315507,1416205,1727114
1315485,1416498,1727657
1315199,1417029,1728770
1315393,1417842,1728514
1315521,1418824,1728450
1315654,1419721,1728165
1315708,1420408,1728418
1315831,1420869,1729498
1315721,1420855,1730980
1316088,1420838,1731335
1316121,1420859,1733386
1316223,1421136,1735000
1316119,1420577,1735470
1316119,1420490,1735861
1316518,1420463,1736629
1316503,1420689,1733843
1316608,1420499,1732413
1316561,1419945,1731545
1316596,1419137,1732074
1316355,1417066,1731831
1316242,1416007,1731600
1315787,1415101,1732372
1315465,1414495,1732135
1315170,1414368,1733522
1314787,1414216,1733748
1314381,1415287,1735275
1314234,1416253,1737853
1314361,1417479,1739379
1314255,1418498,1741491
1314064,1419444,1745954
1314047,1419521,1747005
1313897,1419793,1748600
1314172,1419253,1748417
1313929,1419129,1748472
1313963,1418482,1748743
1313963,1417550,1750111
1314020,1416003,1750920
1314326,1414469,1751960
1314328,1412778,1753586
1314670,1410879,1754136
1314684,1408613,1755492
1315662,1403915,1755495
1315827,1401048,1748053
1315785,1395344,1742151
1315596,1395572,1735046
1315361,1395927,1731125
1315080,1396495,1728002
1314936,1398900,1726443
1314503,1401835,1725732
1315264,1401919,1725459
1315291,1402288,1726607
1315113,1402517,1729840
1314822,1402344,1734107
1315018,1403273,1739048
1314989,1403784,1744797
1315141,1404505,1747820
1314762,1405687,1748998
1314557,1406894,1749156
1314273,1408448,1747462
1314415,1409867,1743557
1314249,1411570,1739390
1314588,1412873,1737110
1314524,1413424,1737383
1314488,1413775,1739307
1314656,1414250,1741702
1314998,1414519,1744624
1315137,1414619,1747290
1315497,1414478,1749505
1315261,1414335,1751383
1315261,1413565,1752886
1315530,1413003,1753743
1315888,1412241,1757272
1316240,1411674,1759558
1316533,1410303,1762219
1316594,1409120,1764729
1316758,1407760,1768284
1316901,1406311,1769972
1316610,1406036,1771541
1316939,1407347,1771708
1317255,1408036,1769740
1317100,1404728,1767893
1316055,1402276,1764077
1315573,1401616,1761193
1315277,1402004,1759941
1315399,1401014,1758855
1314910,1400075,1760122
1315105,1399286,1760587
1314766,1399082,1761491
1314408,1399149,1763253
1314345,1400222,1767492
1313635,1401553,1769592
1313647,1403415,1774726
1313257,1405389,1778415
1313076,1407558,1777713
1313184,1410089,1774931
1313255,1412309,1771377
1313261,1414583,1767159
1313345,1416668,1764598
1313223,1418815,1763782
1313399,1420515,1764921
1313321,1421767,1763769
1313488,1422261,1766437
1313212,1422595,1766871
1312383,1423221,1768453
1311966,1426053,1769555
1311564,1429159,1769969
1310480,1432627,1769247
1310069,1439711,1769123
1309518,1442169,1768912
1309558,1444103,1768258
1309730,1443394,1769447
1310378,1439029,1769655
1310383,1434988,1770057
1310591,1435139,1767474
1311326,1430556,1765040
1312404,1419784,1761966
1312949,1417957,1758861
1313380,1414947,1758060
1313132,1412114,1758023
1313310,1411175,1756449
1313844,1409013,1755862
1314105,1407993,1755298
1314420,1406253,1757773
1314515,1405879,1758827
1314748,1403223,1760028
1315104,1404109,1760178
1315188,1403165,1761012
1315504,1400492,1762142
1315652,1397080,1763725
1315407,1394238,1765152
1315091,1391409,1763853
1314532,1389106,1766488
1314231,1387507,1766282
1314102,1386884,1768791
1313213,1387165,1771033
1312982,1387359,1774267
1313066,1387128,1776856
1313017,1386171,1779382
1313301,1384528,1779314
1313535,1382925,1779784
1313783,1381160,1779741
1313104,1381667,1780581
1313455,1377083,1778975
1313848,1366651,1778971
1314237,1363060,1778726
1314539,1359630,1779517
1314250,1356522,1780598
1314408,1348963,1781312
1313963,1346017,1780721
1313566,1342614,1782332
1312927,1344168,1781240
1312887,1341765,1778318
1313160,1338370,1775904
1313235,1337178,1773512
1313675,1336542,1770231
1313766,1334088,1765767
1313811,1331091,1762849
1314076,1327431,1759839
1314327,1324551,1758019
1314225,1321584,1756811
1314546,1319078,1754951
1314684,1316703,1753856
1314980,1315298,1754328
1315190,1314204,1753627
1315424,1312735,1754974
1315307,1311501,1752784
1315588,1311008,1752355
1315511,1311301,1749903
1315574,1312513,1750917
1315510,1314130,1749235
1315624,1316022,1749935
1315349,1318306,1749138
1315355,1320674,1750427
1315654,1323796,1750793
1315210,1327611,1755010
1315210,1332179,1759382
1314915,1337911,1760384
1314747,1343593,1762135
1314772,1348964,1761478
1314767,1353165,1761131
1314693,1355598,1759792
1314639,1357587,1760296
1314412,1359348,1757925
1314318,1361525,1758468
1314190,1364463,1756920
1314103,1368430,1759328
1313630,1373055,1758544
1313324,1377398,1760667
1312457,1386713,1762484
1311537,1386687,1764874
1310169,1387593,1764874
1309056,1392218,1765551
1309309,1393752,1763946
1309319,1393677,1763915
1309668,1392438,1762126
1309818,1389996,1764593
1310136,1387012,1764593
1310222,1383366,1764897
1310477,1379682,1767391
1310496,1376461,1767900
1310543,1373865,1768065
1310134,1373620,1764661
1309717,1375597,1764649
1308819,1379970,1763710
1308292,1385596,1764462
1307535,1390908,1765356
1307166,1398224,1768974
1307031,1401779,1771472
1306249,1410344,1774518
1305266,1418434,1773644
1305299,1421040,1773174
1305178,1423305,1770748
1304725,1425768,1770756
1305054,1427246,1770119
1306042,1425328,1770698
1306915,1422218,1772953
1307584,1418763,1774181
1307951,1415382,1778305
1307911,1415478,1778695
1308268,1421864,1780512
1308064,1424194,1779678
1307621,1430051,1781855
1307648,1433104,1781041
1307968,1435131,1781715
1307737,1436787,1781216
1308580,1436067,1779798
1309248,1434360,1777589
1309890,1430493,1776268
1310328,1429052,1774751
1311240,1426694,1774438
1312996,1423392,1772767
1314833,1413470,1771510
1314848,1409806,1769220
1311954,1413055,1769715
1311175,1415552,1768003
1310433,1417410,1766501
1309655,1419273,1763764
1309234,1421036,1761642
1308753,1422775,1758575
1308250,1424390,1755779
1308296,1426432,1750927
1308550,1427811,1748994
1308434,1428137,1749256
1309021,1426634,1750245
1308699,1427302,1751105
1309338,1427525,1751615
1309701,1424012,1752973
1309836,1423988,1753917
1309746,1423986,1754108
1309769,1424730,1753587
1309352,1426415,1752338
1309793,1426243,1751535
1310272,1423922,1750222
1310112,1422034,1749087
1310838,1417651,1749362
1311419,1411424,1750155
1311867,1407470,1750360
1312717,1401838,1751291
1313564,1393726,1752487
1314270,1390446,1753195
1314102,1386652,1754346
1314286,1383610,1755468
1314042,1381112,1760003
1314161,1379914,1762854
1314099,1379940,1764395
1314470,1380113,1767417
1314743,1380076,1769744
1314851,1379000,1772480
1314994,1376769,1775662
1314881,1374855,1776911
1315274,1371931,1776553
1315713,1375834,1776803
1315738,1375994,1776746
1315420,1374014,1777406
1315264,1374325,1778575
1314881,1374628,1779078
1314742,1374635,1778273
1314283,1373958,1776436
1313875,1373507,1773784
1313845,1373229,1768552
1313620,1373870,1766140
1313491,1375139,1765287
1313322,1376744,1764993
1312919,1379193,1766110
1312714,1382185,1765447
1312732,1384628,1765699
1312840,1386574,1763298
1312760,1388031,1757293
1312624,1389648,1749904
1312630,1391209,1739961
1312335,1392959,1729237
1312339,1398196,1719319
1312933,1395937,1712249
1313153,1395067,1707734
1313299,1394140,1706254
1313475,1393733,1709564
1313140,1394377,1714751
1312941,1395294,1723058
1313015,1396381,1731848
1313244,1396935,1737867
1313100,1396629,1742365
1313420,1392238,1744635
1313746,1386309,1747061
1314417,1382136,1750670
1314014,1383023,1753167
1313599,1388782,1759938
1314090,1388827,1760766
1314459,1387483,1761592
1314772,1385329,1762949
1314912,1383078,1763987
1314739,1381565,1766625
1314786,1381190,1769290
1314927,1382083,1771655
1314627,1384917,1772655
1314351,1388778,1774205
1314332,1391901,1775139
1314386,1393639,1775878
1314445,1394547,1777008
1314806,1394945,1778596
1315007,1398229,1777259
1315063,1404682,1778745
1315096,1407397,1779426
1314660,1407854,1779098
1314607,1408130,1778602
1314342,1408882,1778888
1313746,1409528,1779743
1313440,1409089,1780682
1313090,1407810,1778511
1313451,1405638,1775193
1313456,1403923,1775050
1313255,1401925,1773866
1313140,1400234,1774306
1313261,1399677,1774206
1313382,1399851,1775269
1313596,1400006,1775661
1313746,1400158,1776337
1313887,1399627,1775480
1313780,1398130,1775216
1313802,1396557,1773724
1314068,1395014,1772351
1314327,1393304,1771824
1313969,1392001,1772975
1313969,1390600,1770735
1313866,1389566,1771395
1313933,1389388,1770168
1314064,1390403,1770158
1314111,1391086,1769288
1314161,1391435,1768580
1314177,1391549,1766200
1314122,1391440,1753503
1314427,1390946,1753503
1314307,1390607,1751048
1314397,1390606,1747918
1313685,1392743,1746566
1313105,1399629,1746081
1313034,1406540,1746232
1313369,1406245,1746105
1312112,1411233,1745450
1311774,1414931,1743666
1310870,1418610,1743620
1310681,1423824,1744812
1310835,1425132,1746406
1311372,1423695,1747234
1311917,1421364,1750517
1313605,1415114,1753429
1314287,1407170,1757672
1315553,1404645,1762846
1315848,1407272,1767429
1316967,1399813,1773921
1316974,1397562,1779717
1316888,1395214,1784656
1316187,1394549,1789129
1316283,1394920,1793285
1315754,1396016,1793285
1315455,1397073,1793109
1315618,1397183,1794032
1315519,1396756,1793246
1315647,1395989,1794782
1315495,1395298,1794402
1315582,1394588,1795603
1315654,1393811,1795998
1315720,1395769,1798787
1316089,1395092,1800407
1315922,1394733,1804452
1315510,1396390,1803789
1315376,1398469,1805561
1314880,1401229,1805773
1314762,1404672,1805977
1314148,1408094,1806384
1313897,1411052,1807077
1314005,1415034,1806680
1313938,1415723,1808074
1314040,1416117,1807242
1313749,1416473,1809001
1313605,1417836,1809410
1313213,1419366,1808057
1313389,1420941,1808607
1312979,1423051,1807164
1312706,1425269,1808620
1312483,1427043,1807333
1311852,1429313,1811310
1311255,1436242,1812936
1311482,1440744,1813475
1311490,1441007,1813751
1311681,1440140,1816456
1311683,1439720,1817369
1311657,1439765,1819841
1311667,1440010,1820266
1311881,1441128,1822704
1311809,1442184,1823705
1311934,1442388,1826247
1312006,1441946,1825776
1312707,1440948,1824558
1313053,1438792,1823087
1313874,1435731,1822339
1314450,1432502,1819801
1315231,1425540,1817542
1314761,1423947,1815371
1314089,1419415,1813791
1314060,1418377,1812126
1313904,1417327,1808963
1313509,1418427,1807399
1312643,1420436,1805582
1312612,1425703,1804160
1312175,1427336,1802646
1312050,1430778,1802648
1311754,1431928,1802285
1311677,1433127,1802768
1312219,1431589,1800163
1312126,1430146,1798564
1312491,1429398,1797085
1312277,1428947,1796125
1312526,1428769,1794507
1312177,1429079,1794689
1312037,1429452,1793883
1312038,1429476,1793963
1311799,1429559,1793306
1311588,1431532,1792157
1311986,1433775,1792514
1312653,1428996,1794353
1313146,1424405,1795722
1312749,1426878,1797040
1312978,1427828,1798968
1313079,1427565,1799921
1313300,1427168,1801732
1313530,1426587,1802950
1313282,1426069,1805457
1313407,1425204,1805667
1313567,1423937,1805993
1313590,1422724,1807233
1313643,1421980,1807550
1313703,1421562,1806133
1313602,1421415,1806912
1313674,1420957,1806446
1313945,1420300,1807530
1314362,1418565,1808232
1314720,1416444,1808955
1314714,1413867,1808573
1314812,1410976,1808085
1314593,1408217,1807324
1314558,1405972,1806418
1314275,1403745,1804728
1313884,1402095,1802806
1313884,1400154,1801944
1313441,1398005,1800585
1313266,1396518,1800239
1313285,1394923,1799011
1313366,1392772,1797794
1313097,1390437,1797927
1313084,1388970,1797388
1312695,1388509,1797418
1312756,1388714,1798095
1312828,1389222,1798104
1312913,1389701,1798426
1312622,1389753,1799879
1312736,1389172,1801039
1312368,1388461,1801015
1312406,1388392,1801942
1312452,1388657,1804346
1312605,1389332,1805691
1312634,1389880,1807667
1312621,1390321,1813597
1312542,1390503,1817788
1312805,1390202,1819235
1312906,1389362,1821315
1312738,1388225,1822312
1312677,1386641,1824087
1312677,1385465,1824774
1312555,1384520,1827064
1312661,1384602,1827487
1312629,1384749,1828020
1312488,1384225,1827867
1312443,1383690,1828482
1312720,1381298,1827897
1313036,1380226,1827053
1313106,1379233,1825578
1313060,1378618,1824313
1312962,1378419,1823702
1312799,1378776,1821761
1312847,1379293,1820511
1312974,1379282,1820471
1313151,1379191,1819510
1313263,1378040,1818569
1313154,1376702,1817403
1313438,1374322,1816554
1313453,1375958,1815864
1313780,1374601,1816134
1313625,1373147,1816774
1313756,1372340,1816902
1313747,1372063,1817309
1313501,1372234,1817284
1313522,1372197,1816910
1313671,1372299,1816976
1313747,1372633,1818454
1313718,1373349,1820191
1313697,1375164,1820759
1313630,1376920,1819491
1313229,1378720,1821065
1313113,1380591,1821980
1312554,1382554,1821772
1312447,1384595,1821493
1311871,1387459,1822742
1311321,1390781,1824146
1310820,1394159,1827176
1310578,1396975,1831887
1310416,1397181,1833431
1310566,1395679,1835811
1310374,1393670,1835261
1310337,1391642,1835902
1310337,1390161,1835944
1310369,1389144,1835262
1310436,1389184,1836390
1310217,1389532,1836539
1310156,1391424,1836534
1309007,1397629,1837438
1309106,1400866,1838254
1309045,1403295,1837891
1308939,1405088,1836259
1308781,1405964,1834468
1308613,1406499,1832288
1308283,1407898,1831603
1308364,1409510,1831291
1308118,1411433,1829592
1308380,1413689,1828367
1307625,1422098,1826810
1306381,1431386,1826527
1306276,1435958,1827979
1306619,1436181,1827438
1306405,1435207,1827743
1306913,1434196,1827888
1306635,1433343,1829949
1306410,1432920,1829641
1306475,1433268,1830914
1306252,1434654,1829763
1306037,1439485,1830405
1305918,1444846,1830097
1307317,1438881,1831840
1307908,1432482,1833063
1308105,1432494,1835099
1308113,1433870,1835896
1308331,1435195,1838089
1307701,1436591,1839767
1308100,1437712,1842711
1307761,1438127,1843966
1308157,1437982,1844942
1308317,1431519,1844408
1308453,1426654,1845222
1307542,1423007,1844444
1307879,1415795,1844886
1306967,1417116,1845092
1305837,1428211,1845053
1305982,1431360,1845244
1306153,1432980,1844596
1306161,1433083,1844564
1306649,1428637,1840728
1306777,1425439,1838337
1306923,1423139,1835444
1306939,1421294,1833582
1306924,1419925,1831533
1306396,1423017,1831117
1306356,1424565,1830645
1307257,1417140,1829687
1307558,1407681,1827964
1307689,1406374,1826503
1307419,1405714,1824646
1307351,1405921,1822455
1306973,1407844,1818283
1306933,1409175,1814583
1307339,1408507,1810324
1307821,1405659,1805255
1308142,1401989,1799470
1308378,1396466,1791431
1308779,1391816,1791611
1308887,1383878,1792206
1308632,1388268,1794998
1309022,1392973,1799054
1309260,1389556,1801873
1309700,1388905,1804654
1309272,1387941,1806690
1309240,1388171,1805665
1309205,1389375,1811257
1309089,1391669,1813886
1309012,1394378,1818536
1308817,1397767,1821465
1308716,1401906,1824017
1308534,1406489,1825194
1308346,1410306,1830266
1307845,1413409,1828435
1307483,1416760,1830296
1307184,1416210,1830188
1306279,1416835,1830389
1305616,1421907,1827023
1305729,1424161,1825982
1305691,1425979,1827774
1305865,1427596,1828323
1305671,1428507,1831570
1305616,1427918,1833188
1306015,1426200,1836453
1306303,1423195,1838099
1306372,1419931,1841119
1306461,1411143,1842161
1305579,1412562,1843288
1305861,1412769,1843080
1305986,1401679,1844572
1305247,1395615,1843941
1305498,1395138,1844615
1305356,1394490,1844786
1305229,1394586,1847618
1305098,1395311,1848775
1304710,1395974,1851721
1304724,1396165,1853228
1304741,1396259,1855353
1304795,1395799,1856174
1304896,1394985,1856291
1304939,1393519,1851887
1305072,1391968,1847568
1305021,1390826,1844263
1305164,1389438,1841140
1305556,1387987,1837590
1305787,1386782,1835260
1305738,1386714,1834026
1305771,1387204,1833008
1306181,1382644,1833026
1306385,1376197,1831021
1306507,1374926,1829153
1306510,1374824,1825676
1306351,1378532,1825222
1306118,1380206,1821334
1306402,1382832,1817685
1307293,1378014,1814993
1307632,1371420,1816169
1307974,1364224,1816327
1308233,1365637,1819550
1308007,1367771,1821524
1308573,1366596,1823511
1308749,1364916,1822551
1308382,1363536,1820487
1307842,1362649,1817886
1307682,1361969,1816917
1307476,1361256,1815776
1307333,1361016,1813832
1306894,1360659,1812621
1306916,1359878,1810674
1306100,1358767,1808817
1306278,1360523,1807550
1306364,1356447,1806594
1306268,1354992,1803601
1306022,1357131,1804110
1305943,1362001,1803081
1306027,1363692,1803851
1306235,1363848,1803707
1305956,1363546,1805543
1306036,1362082,1806885
1305988,1360928,1809461
1306335,1360370,1810777
1306188,1360551,1813340
1306582,1356507,1815863
1306785,1344792,1819313
1307102,1334307,1825246
1306746,1328784,1828431
1306657,1327283,1831196
1306407,1327555,1831755
1306737,1326423,1833169
1306895,1324376,1833576
1306944,1321972,1832213
1306827,1318517,1832120
1307180,1314761,1833625
1307290,1311566,1834948
1307489,1307398,1838686
1307307,1303981,1841647
1307543,1300466,1843373
1307276,1298378,1844048
1307495,1296777,1845456
1307186,1298252,1843330
1307499,1301937,1842043
1307866,1296262,1839815
1307909,1291944,1838757
1308270,1290530,1838119
1308620,1288909,1837846
1308236,1287533,1838492
1308664,1285366,1842467
1308551,1285430,1842946
1308549,1286139,1843059
1308852,1285285,1841623
1308948,1282949,1840750
1309254,1279111,1839902
1309479,1274580,1839401
1309750,1269881,1838914
1310626,1259118,1838287
1310776,1254223,1837464
1310921,1246418,1836340
1311187,1242711,1836334
1310774,1238469,1835278
1310554,1234791,1834037
1310133,1229439,1833204
1309316,1227921,1833658
1309235,1227404,1833612
1309141,1225867,1834906
1309028,1224314,1834735
1308860,1217062,1835545
1308448,1213496,1835861
1308452,1215998,1834070
1308736,1214113,1833073
1308450,1211296,1832986
1308718,1211489,1832280
1308471,1211761,1833372
1308410,1212271,1834553
1308431,1211925,1836180
1308783,1206203,1839439
1308583,1202567,1841262
1308156,1198063,1842768
1307628,1200512,1843934
1307916,1200373,1843871
1307650,1204448,1844209
1307684,1214656,1845764
1307620,1219173,1843998
1307675,1221666,1842793
1307672,1223308,1842130
1307703,1225162,1842619
1307489,1226753,1842940
1307543,1234989,1842139
1308028,1243385,1844075
1308281,1241785,1845964
1308427,1239508,1845258
1308811,1241348,1846770
1308596,1245054,1846850
1308663,1247431,1846482
1309054,1250384,1844076
1308835,1252925,1843069
1309056,1256639,1841914
1308842,1258882,1841342
1309300,1262768,1841459
1309710,1254768,1841479
1310113,1246893,1841746
1309740,1242419,1844004
1309096,1237476,1845450
1308858,1234937,1847365
1308587,1230518,1847142
1308367,1225082,1848356
1308288,1218061,1847849
1308106,1204907,1849064
1307942,1200280,1849451
1307886,1197284,1848247
1307787,1195889,1846865
1307799,1195533,1846105
1307469,1196087,1844355
1307415,1197250,1841495
1307475,1198310,1840148
1307544,1198355,1838951
1307546,1197363,1837342
1307670,1195521,1834674
1307499,1193437,1832169
1307419,1191945,1829594
1307300,1191702,1828235
1307350,1192406,1825918
1307066,1194504,1824505
1306777,1197087,1823431
1306777,1199672,1824999
1306672,1201736,1825508
1306664,1203939,1827359
1306769,1205218,1827472
1306584,1205119,1826183
1306497,1204567,1824481
1306388,1204956,1823970
1306179,1206011,1821443
1306223,1207408,1820030
1306061,1208902,1820556
1306136,1210135,1821389
1305962,1211605,1823891
1305818,1213792,1822518
1305869,1216055,1823960
1306183,1218690,1824217
1305975,1221755,1827355
1306122,1225343,1826182
1306008,1230082,1827340
1306147,1235241,1828021
1306107,1239324,1830315
1305963,1242673,1830814
1305963,1245603,1832516
1305776,1247927,1831519
1306066,1249479,1831375
1305961,1250544,1829714
1306070,1251270,1828821
1306049,1252546,1827310
1306062,1257828,1828089
1305801,1260323,1828338
1305982,1262574,1829437
1305996,1264981,1830142
1306064,1267490,1833083
1305992,1270440,1833755
1305826,1274461,1834008
1305818,1279548,1836207
1305582,1285155,1836207
1306007,1289461,1834350
1306134,1292321,1834842
1306141,1294026,1835394
1306574,1293341,1835459
1306553,1291521,1836326
1307243,1290516,1837891
1307165,1289922,1838939
1307377,1289903,1840216
1307261,1290365,1841035
1307266,1290584,1841314
1306901,1290594,1837992
1307282,1290295,1835451
1307475,1289600,1831390
1307671,1287851,1830756
1307886,1285672,1828112
1308017,1282513,1826538
1307889,1278704,1826496
1308102,1274970,1825382
1308327,1270806,1826045
1308454,1266955,1825958
1307448,1256842,1823245
1306460,1248986,1821394
1305859,1242411,1820673
1306226,1239378,1818324
1305919,1235907,1817470
1306129,1232532,1815890
1305871,1227819,1816303
1305742,1227016,1815749
1305750,1226822,1816500
1305735,1226348,1815432
1305912,1224901,1816525
1305695,1219396,1816329
1305519,1215805,1817816
1305455,1218924,1815716
1305272,1220749,1815443
1304599,1222647,1813958
1304907,1223859,1813599
1304676,1225032,1813506
1304656,1226735,1813700
1304365,1229495,1813352
1304154,1230689,1815557
1304139,1234879,1815408
1304261,1239376,1818463
1304405,1243026,1818719
1304706,1247375,1818152
1304940,1248250,1817572
1305163,1247137,1817723
1305497,1245340,1818091
1305339,1243357,1819114
1305386,1240031,1820531
1305473,1239027,1818444
1305315,1239317,1817853
1305706,1239484,1817096
1305569,1239129,1816914
1305893,1240063,1815528
1306491,1238601,1815214
1306731,1230342,1814379
1306534,1229666,1814546
1306935,1239302,1814159
1307023,1242612,1815433
1307065,1243927,1815057
1306801,1243888,1814053
1306848,1244562,1812462
1307029,1242579,1811748
1306729,1240252,1809119
1305577,1236411,1809611
1304409,1235395,1810888
1304101,1228058,1813496
1303751,1222192,1816548
1303071,1226122,1817451
1303308,1229288,1817091
1303192,1232511,1815623
1303232,1235772,1814355
1303029,1240931,1812956
1302965,1241768,1813024
1303343,1241049,1813092
1303143,1240328,1813997
1303085,1240251,1812816
1302885,1241370,1813366
1303022,1241749,1810399
1302812,1240320,1809847
1302815,1238100,1807024
1302707,1238090,1805029
1302880,1237688,1802551
1302952,1237516,1800305
1303099,1237497,1797150
1303137,1237027,1792834
1303002,1237071,1785208
1303183,1236272,1780553
1303231,1234295,1778610
1303340,1232084,1776069
1303272,1230396,1775885
1303636,1229170,1774264
1303743,1228347,1775129
1304031,1228492,1774777
1304085,1228695,1774528
1304327,1228179,1775466
1304419,1228766,1775882
1304641,1232617,1773272
1304812,1233109,1773843
1305022,1233219,1771727
1305030,1233175,1769902
1305080,1234210,1768526
1304769,1236115,1768454
1304664,1238665,1767889
1304805,1240516,1766368
1305048,1241597,1764816
1305324,1242493,1763028
1305603,1242872,1761741
1305699,1242722,1759357
1305651,1241446,1754952
1305844,1241394,1753574
1305865,1252390,1752961
1305258,1260096,1753377
1304271,1267210,1752818
1303997,1270599,1752559
1303445,1272188,1751249
1302979,1272284,1749620
1302914,1271164,1748500
1302387,1269038,1747401
1302292,1266276,1747634
1302171,1264208,1746507
1302124,1262580,1746869
1302042,1261605,1746332
1302087,1260984,1745662
1301806,1260742,1744072
1301988,1261006,1743296
1301910,1261012,1740296
1302039,1261168,1739051
1301754,1264847,1738134
1301331,1266606,1738843
1300915,1269884,1740320
1301057,1270935,1738631
1300967,1270763,1737601
1301126,1270187,1736024
1300912,1270262,1732584
1300721,1270366,1730793
1300503,1269120,1728618
1300749,1267334,1726017
1300469,1265364,1726431
1300721,1264173,1727229
1300376,1263617,1729063
1300517,1263812,1732451
1300136,1265614,1735790
1300443,1267030,1734850
1300716,1267591,1734787
1300962,1266716,1732133
1300766,1264752,1731293
1301052,1262478,1730617
1300696,1260998,1730573
1301103,1260169,1730327
1300812,1260187,1731973
1300556,1260423,1736071
1300556,1260630,1739286
1300643,1262228,1739693
1300719,1264651,1738812
1300891,1266651,1737404
1300977,1268429,1737167
1300909,1269993,1736969
1301507,1267634,1738421
1301483,1265773,1740055
1301612,1262841,1742600
1302049,1266011,1744882
1302397,1265791,1747220
1302351,1265713,1747448
1302910,1267481,1746608
1302986,1262443,1744606
1303394,1260616,1743603
1303367,1259334,1742758
1303462,1258469,1742116
1303242,1257130,1742605
1303629,1255281,1745167
1303417,1253059,1746436
1303754,1251233,1747241
1303429,1250098,1748079
1302987,1249691,1748875
1301677,1253372,1749912
1300609,1254116,1749898
1299787,1256223,1750694
1299317,1262270,1753493
1299411,1265070,1757289
1299409,1266051,1759683
1299486,1266307,1762793
1299572,1265651,1765760
1299216,1265731,1768532
1299452,1266624,1773708
1299412,1267581,1777138
1299563,1268140,1780712
1299309,1268410,1785194
1299276,1269712,1789492
1299211,1271559,1793264
1299514,1273442,1797794
1299549,1274091,1799828
1299382,1271485,1797026
1298630,1273778,1795650
1298384,1277477,1794741
1298325,1277355,1794104
1298540,1276511,1795106
1298614,1275687,1795424
1298736,1274180,1796366
1298630,1274109,1796166
1298511,1274754,1794466
1298886,1274820,1792903
1298679,1273308,1790965
1299085,1268875,1788054
1299410,1267955,1786300
1299619,1270501,1784103
1300217,1267768,1781675
1300103,1265505,1780651
1300530,1265674,1781154
1300471,1265686,1778629
1300417,1266618,1776623
1300533,1267679,1775114
1300815,1271797,1771562
1300700,1275025,1769204
1300521,1286075,1765649
1301035,1291568,1763628
1301221,1290151,1762684
1300885,1287036,1761857
1299813,1280547,1762724
1299100,1278699,1762082
1298557,1277351,1760869
1297928,1277371,1760067
1297402,1278104,1758887
1297242,1279804,1758022
1296995,1282236,1756755
1296882,1288537,1756202
1296589,1285309,1756859
1297173,1283296,1757553
1297158,1281666,1759775
1297296,1278438,1761442
1297497,1277012,1765341
1297477,1275478,1769011
1297387,1274965,1771671
1297438,1274790,1776593
1297288,1274955,1781072
1296942,1275039,1785604
1296889,1275408,1790376
1296768,1276223,1796169
1296779,1277356,1799099
1296767,1277904,1802000
1296539,1278845,1802417
1296354,1279181,1805139
1296202,1279531,1808108
1296495,1279182,1810043
1296723,1278663,1813248
1296927,1278094,1815190
1296954,1277596,1816028
